@@TRAX:hello "trax.name=" "trax.family=" "trax.image=path;" "trax.region=rectangle;" "trax.description=" "trax.version=3" "vot=python" "trax.channels=color;" 
@@TRAX:initialize "file:///home/vot-workspace/sequences/car1/color/00000001.jpg" "240.4600,162.6400,122.2300,117.0800" 
@@TRAX:state "240.4600,162.6400,122.2300,117.0800" 
@@TRAX:frame "file:///home/vot-workspace/sequences/car1/color/00000002.jpg" 
QFontDatabase: Cannot find font directory /usr/local/lib/python3.9/site-packages/cv2/qt/fonts.
Note that Qt no longer ships fonts. Deploy some (from https://dejavu-fonts.github.io/ for example) or switch to fontconfig.
QFontDatabase: Cannot find font directory /usr/local/lib/python3.9/site-packages/cv2/qt/fonts.
Note that Qt no longer ships fonts. Deploy some (from https://dejavu-fonts.github.io/ for example) or switch to fontconfig.
QFontDatabase: Cannot find font directory /usr/local/lib/python3.9/site-packages/cv2/qt/fonts.
Note that Qt no longer ships fonts. Deploy some (from https://dejavu-fonts.github.io/ for example) or switch to fontconfig.
QFontDatabase: Cannot find font directory /usr/local/lib/python3.9/site-packages/cv2/qt/fonts.
Note that Qt no longer ships fonts. Deploy some (from https://dejavu-fonts.github.io/ for example) or switch to fontconfig.
QFontDatabase: Cannot find font directory /usr/local/lib/python3.9/site-packages/cv2/qt/fonts.
Note that Qt no longer ships fonts. Deploy some (from https://dejavu-fonts.github.io/ for example) or switch to fontconfig.
@@TRAX:state "239.0000,165.0000,122.2300,117.0800" "confidence=0.9719776287674904" 
@@TRAX:frame "file:///home/vot-workspace/sequences/car1/color/00000003.jpg" 
@@TRAX:state "229.0000,175.0000,122.2300,117.0800" "confidence=0.9331713691353798" 
@@TRAX:frame "file:///home/vot-workspace/sequences/car1/color/00000004.jpg" 
@@TRAX:state "213.0000,190.0000,122.2300,117.0800" "confidence=0.9163552150130272" 
@@TRAX:frame "file:///home/vot-workspace/sequences/car1/color/00000005.jpg" 
@@TRAX:state "207.0000,205.0000,122.2300,117.0800" "confidence=0.9818595349788666" 
@@TRAX:frame "file:///home/vot-workspace/sequences/car1/color/00000006.jpg" 
@@TRAX:state "212.0000,201.0000,122.2300,117.0800" "confidence=0.9493082836270332" 
@@TRAX:frame "file:///home/vot-workspace/sequences/car1/color/00000007.jpg" 
@@TRAX:state "212.0000,191.0000,122.2300,117.0800" "confidence=0.9802273977547884" 
@@TRAX:frame "file:///home/vot-workspace/sequences/car1/color/00000008.jpg" 
@@TRAX:state "210.0000,191.0000,122.2300,117.0800" "confidence=0.9646920450031757" 
@@TRAX:frame "file:///home/vot-workspace/sequences/car1/color/00000009.jpg" 
@@TRAX:state "184.0000,203.0000,122.2300,117.0800" "confidence=0.8941385969519615" 
@@TRAX:frame "file:///home/vot-workspace/sequences/car1/color/00000010.jpg" 
@@TRAX:state "158.0000,229.0000,122.2300,117.0800" "confidence=0.821853756904602" 
@@TRAX:frame "file:///home/vot-workspace/sequences/car1/color/00000011.jpg" 
@@TRAX:state "184.0000,250.0000,122.2300,117.0800" "confidence=0.8724667727947235" 
@@TRAX:frame "file:///home/vot-workspace/sequences/car1/color/00000012.jpg" 
@@TRAX:state "210.0000,225.0000,122.2300,117.0800" "confidence=0.7926638126373291" 
@@TRAX:frame "file:///home/vot-workspace/sequences/car1/color/00000013.jpg" 
@@TRAX:state "221.0000,202.0000,122.2300,117.0800" "confidence=0.9539329372346401" 
@@TRAX:frame "file:///home/vot-workspace/sequences/car1/color/00000014.jpg" 
@@TRAX:state "212.0000,197.0000,122.2300,117.0800" "confidence=0.9848039979115129" 
@@TRAX:frame "file:///home/vot-workspace/sequences/car1/color/00000015.jpg" 
@@TRAX:state "201.0000,196.0000,122.2300,117.0800" "confidence=0.964661318808794" 
@@TRAX:frame "file:///home/vot-workspace/sequences/car1/color/00000016.jpg" 
@@TRAX:state "186.0000,202.0000,122.2300,117.0800" "confidence=0.9468281045556068" 
@@TRAX:frame "file:///home/vot-workspace/sequences/car1/color/00000017.jpg" 
@@TRAX:state "187.0000,212.0000,122.2300,117.0800" "confidence=0.9738785326480865" 
@@TRAX:frame "file:///home/vot-workspace/sequences/car1/color/00000018.jpg" 
@@TRAX:state "197.0000,206.0000,122.2300,117.0800" "confidence=0.913486897945404" 
@@TRAX:frame "file:///home/vot-workspace/sequences/car1/color/00000019.jpg" 
@@TRAX:state "213.0000,180.0000,122.2300,117.0800" "confidence=0.8833284378051758" 
@@TRAX:frame "file:///home/vot-workspace/sequences/car1/color/00000020.jpg" 
@@TRAX:state "214.0000,154.0000,122.2300,117.0800" "confidence=0.8542418926954269" 
@@TRAX:frame "file:///home/vot-workspace/sequences/car1/color/00000021.jpg" 
@@TRAX:state "193.0000,135.0000,122.2300,117.0800" "confidence=0.9488213211297989" 
@@TRAX:frame "file:///home/vot-workspace/sequences/car1/color/00000022.jpg" 
@@TRAX:state "197.0000,153.0000,122.2300,117.0800" "confidence=0.8974384665489197" 
@@TRAX:frame "file:///home/vot-workspace/sequences/car1/color/00000023.jpg" 
@@TRAX:state "223.0000,179.0000,122.2300,117.0800" "confidence=0.8701090663671494" 
@@TRAX:frame "file:///home/vot-workspace/sequences/car1/color/00000024.jpg" 
@@TRAX:state "248.0000,205.0000,122.2300,117.0800" "confidence=0.8315069675445557" 
@@TRAX:frame "file:///home/vot-workspace/sequences/car1/color/00000025.jpg" 
@@TRAX:state "265.0000,231.0000,122.2300,117.0800" "confidence=0.8841013684868813" 
@@TRAX:frame "file:///home/vot-workspace/sequences/car1/color/00000026.jpg" 
@@TRAX:state "252.0000,237.0000,122.2300,117.0800" "confidence=0.9493276476860046" 
@@TRAX:frame "file:///home/vot-workspace/sequences/car1/color/00000027.jpg" 
@@TRAX:state "237.0000,242.0000,122.2300,117.0800" "confidence=0.9467187449336052" 
@@TRAX:frame "file:///home/vot-workspace/sequences/car1/color/00000028.jpg" 
@@TRAX:state "232.0000,245.0000,122.2300,117.0800" "confidence=0.9650294221937656" 
@@TRAX:frame "file:///home/vot-workspace/sequences/car1/color/00000029.jpg" 
@@TRAX:state "225.0000,234.0000,122.2300,117.0800" "confidence=0.9327418729662895" 
@@TRAX:frame "file:///home/vot-workspace/sequences/car1/color/00000030.jpg" 
@@TRAX:state "220.0000,219.0000,122.2300,117.0800" "confidence=0.9432888403534889" 
@@TRAX:frame "file:///home/vot-workspace/sequences/car1/color/00000031.jpg" 
@@TRAX:state "219.0000,210.0000,122.2300,117.0800" "confidence=0.9542680121958256" 
@@TRAX:frame "file:///home/vot-workspace/sequences/car1/color/00000032.jpg" 
@@TRAX:state "226.0000,203.0000,122.2300,117.0800" "confidence=0.9399768449366093" 
@@TRAX:frame "file:///home/vot-workspace/sequences/car1/color/00000033.jpg" 
@@TRAX:state "237.0000,190.0000,122.2300,117.0800" "confidence=0.9196821823716164" 
@@TRAX:frame "file:///home/vot-workspace/sequences/car1/color/00000034.jpg" 
@@TRAX:state "234.0000,166.0000,122.2300,117.0800" "confidence=0.9131936132907867" 
@@TRAX:frame "file:///home/vot-workspace/sequences/car1/color/00000035.jpg" 
@@TRAX:state "221.0000,148.0000,122.2300,117.0800" "confidence=0.9191838949918747" 
@@TRAX:frame "file:///home/vot-workspace/sequences/car1/color/00000036.jpg" 
@@TRAX:state "216.0000,124.0000,122.2300,117.0800" "confidence=0.9148315340280533" 
@@TRAX:frame "file:///home/vot-workspace/sequences/car1/color/00000037.jpg" 
@@TRAX:state "222.0000,115.0000,122.2300,117.0800" "confidence=0.956850603222847" 
@@TRAX:frame "file:///home/vot-workspace/sequences/car1/color/00000038.jpg" 
@@TRAX:state "240.0000,123.0000,122.2300,117.0800" "confidence=0.9398621171712875" 
@@TRAX:frame "file:///home/vot-workspace/sequences/car1/color/00000039.jpg" 
@@TRAX:state "247.0000,126.0000,122.2300,117.0800" "confidence=0.9589263275265694" 
@@TRAX:frame "file:///home/vot-workspace/sequences/car1/color/00000040.jpg" 
@@TRAX:state "249.0000,132.0000,122.2300,117.0800" "confidence=0.9204187095165253" 
@@TRAX:frame "file:///home/vot-workspace/sequences/car1/color/00000041.jpg" 
@@TRAX:state "257.0000,158.0000,122.2300,117.0800" "confidence=0.8577478975057602" 
@@TRAX:frame "file:///home/vot-workspace/sequences/car1/color/00000042.jpg" 
@@TRAX:state "276.0000,184.0000,122.2300,117.0800" "confidence=0.7613823711872101" 
@@TRAX:frame "file:///home/vot-workspace/sequences/car1/color/00000043.jpg" 
@@TRAX:state "269.0000,210.0000,122.2300,117.0800" "confidence=0.770967036485672" 
@@TRAX:frame "file:///home/vot-workspace/sequences/car1/color/00000044.jpg" 
@@TRAX:state "271.0000,232.0000,122.2300,117.0800" "confidence=0.958974651992321" 
@@TRAX:frame "file:///home/vot-workspace/sequences/car1/color/00000045.jpg" 
@@TRAX:state "265.0000,228.0000,122.2300,117.0800" "confidence=0.9310300946235657" 
@@TRAX:frame "file:///home/vot-workspace/sequences/car1/color/00000046.jpg" 
@@TRAX:state "258.0000,214.0000,122.2300,117.0800" "confidence=0.9167857989668846" 
@@TRAX:frame "file:///home/vot-workspace/sequences/car1/color/00000047.jpg" 
@@TRAX:state "258.0000,208.0000,122.2300,117.0800" "confidence=0.9342139363288879" 
@@TRAX:frame "file:///home/vot-workspace/sequences/car1/color/00000048.jpg" 
@@TRAX:state "260.0000,193.0000,122.2300,117.0800" "confidence=0.8658361881971359" 
@@TRAX:frame "file:///home/vot-workspace/sequences/car1/color/00000049.jpg" 
@@TRAX:state "262.0000,167.0000,122.2300,117.0800" "confidence=0.8453828245401382" 
@@TRAX:frame "file:///home/vot-workspace/sequences/car1/color/00000050.jpg" 
@@TRAX:state "263.0000,153.0000,122.2300,117.0800" "confidence=0.9063895791769028" 
@@TRAX:frame "file:///home/vot-workspace/sequences/car1/color/00000051.jpg" 
@@TRAX:state "265.0000,173.0000,122.2300,117.0800" "confidence=0.9019869938492775" 
@@TRAX:frame "file:///home/vot-workspace/sequences/car1/color/00000052.jpg" 
@@TRAX:state "260.0000,178.0000,122.2300,117.0800" "confidence=0.9429482333362103" 
@@TRAX:frame "file:///home/vot-workspace/sequences/car1/color/00000053.jpg" 
@@TRAX:state "259.0000,174.0000,122.2300,117.0800" "confidence=0.9395357854664326" 
@@TRAX:frame "file:///home/vot-workspace/sequences/car1/color/00000054.jpg" 
@@TRAX:state "262.0000,175.0000,122.2300,117.0800" "confidence=0.9418924003839493" 
@@TRAX:frame "file:///home/vot-workspace/sequences/car1/color/00000055.jpg" 
@@TRAX:state "268.0000,180.0000,122.2300,117.0800" "confidence=0.9322252795100212" 
@@TRAX:frame "file:///home/vot-workspace/sequences/car1/color/00000056.jpg" 
@@TRAX:state "277.0000,189.0000,122.2300,117.0800" "confidence=0.9023602977395058" 
@@TRAX:frame "file:///home/vot-workspace/sequences/car1/color/00000057.jpg" 
@@TRAX:state "275.0000,203.0000,122.2300,117.0800" "confidence=0.8974412083625793" 
@@TRAX:frame "file:///home/vot-workspace/sequences/car1/color/00000058.jpg" 
@@TRAX:state "251.0000,208.0000,122.2300,117.0800" "confidence=0.9079643115401268" 
@@TRAX:frame "file:///home/vot-workspace/sequences/car1/color/00000059.jpg" 
@@TRAX:state "225.0000,205.0000,122.2300,117.0800" "confidence=0.8899649083614349" 
@@TRAX:frame "file:///home/vot-workspace/sequences/car1/color/00000060.jpg" 
@@TRAX:state "199.0000,203.0000,122.2300,117.0800" "confidence=0.9191409721970558" 
@@TRAX:frame "file:///home/vot-workspace/sequences/car1/color/00000061.jpg" 
@@TRAX:state "199.0000,201.0000,122.2300,117.0800" "confidence=0.9299910217523575" 
@@TRAX:frame "file:///home/vot-workspace/sequences/car1/color/00000062.jpg" 
@@TRAX:state "225.0000,203.0000,122.2300,117.0800" "confidence=0.9158307388424873" 
@@TRAX:frame "file:///home/vot-workspace/sequences/car1/color/00000063.jpg" 
@@TRAX:state "251.0000,205.0000,122.2300,117.0800" "confidence=0.8917383253574371" 
@@TRAX:frame "file:///home/vot-workspace/sequences/car1/color/00000064.jpg" 
@@TRAX:state "277.0000,206.0000,122.2300,117.0800" "confidence=0.848784327507019" 
@@TRAX:frame "file:///home/vot-workspace/sequences/car1/color/00000065.jpg" 
@@TRAX:state "303.0000,212.0000,122.2300,117.0800" "confidence=0.8335610032081604" 
@@TRAX:frame "file:///home/vot-workspace/sequences/car1/color/00000066.jpg" 
@@TRAX:state "323.0000,215.0000,122.2300,117.0800" "confidence=0.9271684288978577" 
@@TRAX:frame "file:///home/vot-workspace/sequences/car1/color/00000067.jpg" 
@@TRAX:state "308.0000,203.0000,122.2300,117.0800" "confidence=0.8768039047718048" 
@@TRAX:frame "file:///home/vot-workspace/sequences/car1/color/00000068.jpg" 
@@TRAX:state "287.0000,182.0000,122.2300,117.0800" "confidence=0.8606257438659668" 
@@TRAX:frame "file:///home/vot-workspace/sequences/car1/color/00000069.jpg" 
@@TRAX:state "261.0000,159.0000,122.2300,117.0800" "confidence=0.8648000210523605" 
@@TRAX:frame "file:///home/vot-workspace/sequences/car1/color/00000070.jpg" 
@@TRAX:state "236.0000,153.0000,122.2300,117.0800" "confidence=0.9351478219032288" 
@@TRAX:frame "file:///home/vot-workspace/sequences/car1/color/00000071.jpg" 
@@TRAX:state "236.0000,162.0000,122.2300,117.0800" "confidence=0.924917683005333" 
@@TRAX:frame "file:///home/vot-workspace/sequences/car1/color/00000072.jpg" 
@@TRAX:state "245.0000,178.0000,122.2300,117.0800" "confidence=0.9211104959249496" 
@@TRAX:frame "file:///home/vot-workspace/sequences/car1/color/00000073.jpg" 
@@TRAX:state "249.0000,192.0000,122.2300,117.0800" "confidence=0.9302126243710518" 
@@TRAX:frame "file:///home/vot-workspace/sequences/car1/color/00000074.jpg" 
@@TRAX:state "262.0000,205.0000,122.2300,117.0800" "confidence=0.9204764068126678" 
@@TRAX:frame "file:///home/vot-workspace/sequences/car1/color/00000075.jpg" 
@@TRAX:state "288.0000,217.0000,122.2300,117.0800" "confidence=0.9231431111693382" 
@@TRAX:frame "file:///home/vot-workspace/sequences/car1/color/00000076.jpg" 
@@TRAX:state "304.0000,226.0000,122.2300,117.0800" "confidence=0.9377921707928181" 
@@TRAX:frame "file:///home/vot-workspace/sequences/car1/color/00000077.jpg" 
@@TRAX:state "300.0000,236.0000,122.2300,117.0800" "confidence=0.931097500026226" 
@@TRAX:frame "file:///home/vot-workspace/sequences/car1/color/00000078.jpg" 
@@TRAX:state "292.0000,244.0000,122.2300,117.0800" "confidence=0.9518018327653408" 
@@TRAX:frame "file:///home/vot-workspace/sequences/car1/color/00000079.jpg" 
@@TRAX:state "282.0000,242.0000,122.2300,117.0800" "confidence=0.9265946075320244" 
@@TRAX:frame "file:///home/vot-workspace/sequences/car1/color/00000080.jpg" 
@@TRAX:state "256.0000,229.0000,122.2300,117.0800" "confidence=0.9135396257042885" 
@@TRAX:frame "file:///home/vot-workspace/sequences/car1/color/00000081.jpg" 
@@TRAX:state "230.0000,222.0000,122.2300,117.0800" "confidence=0.9231513366103172" 
@@TRAX:frame "file:///home/vot-workspace/sequences/car1/color/00000082.jpg" 
@@TRAX:state "208.0000,223.0000,122.2300,117.0800" "confidence=0.9476985111832619" 
@@TRAX:frame "file:///home/vot-workspace/sequences/car1/color/00000083.jpg" 
@@TRAX:state "206.0000,229.0000,122.2300,117.0800" "confidence=0.9558243118226528" 
@@TRAX:frame "file:///home/vot-workspace/sequences/car1/color/00000084.jpg" 
@@TRAX:state "213.0000,226.0000,122.2300,117.0800" "confidence=0.9106802046298981" 
@@TRAX:frame "file:///home/vot-workspace/sequences/car1/color/00000085.jpg" 
@@TRAX:state "233.0000,202.0000,122.2300,117.0800" "confidence=0.8909189775586128" 
@@TRAX:frame "file:///home/vot-workspace/sequences/car1/color/00000086.jpg" 
@@TRAX:state "246.0000,176.0000,122.2300,117.0800" "confidence=0.8875323981046677" 
@@TRAX:frame "file:///home/vot-workspace/sequences/car1/color/00000087.jpg" 
@@TRAX:state "259.0000,150.0000,122.2300,117.0800" "confidence=0.8865422829985619" 
@@TRAX:frame "file:///home/vot-workspace/sequences/car1/color/00000088.jpg" 
@@TRAX:state "285.0000,136.0000,122.2300,117.0800" "confidence=0.9236323460936546" 
@@TRAX:frame "file:///home/vot-workspace/sequences/car1/color/00000089.jpg" 
@@TRAX:state "311.0000,138.0000,122.2300,117.0800" "confidence=0.9354092329740524" 
@@TRAX:frame "file:///home/vot-workspace/sequences/car1/color/00000090.jpg" 
@@TRAX:state "322.0000,148.0000,122.2300,117.0800" "confidence=0.9207306727766991" 
@@TRAX:frame "file:///home/vot-workspace/sequences/car1/color/00000091.jpg" 
@@TRAX:state "321.0000,164.0000,122.2300,117.0800" "confidence=0.9201154261827469" 
@@TRAX:frame "file:///home/vot-workspace/sequences/car1/color/00000092.jpg" 
@@TRAX:state "308.0000,175.0000,122.2300,117.0800" "confidence=0.9211260452866554" 
@@TRAX:frame "file:///home/vot-workspace/sequences/car1/color/00000093.jpg" 
@@TRAX:state "287.0000,186.0000,122.2300,117.0800" "confidence=0.907206803560257" 
@@TRAX:frame "file:///home/vot-workspace/sequences/car1/color/00000094.jpg" 
@@TRAX:state "263.0000,202.0000,122.2300,117.0800" "confidence=0.8969512581825256" 
@@TRAX:frame "file:///home/vot-workspace/sequences/car1/color/00000095.jpg" 
@@TRAX:state "243.0000,221.0000,122.2300,117.0800" "confidence=0.9210880994796753" 
@@TRAX:frame "file:///home/vot-workspace/sequences/car1/color/00000096.jpg" 
@@TRAX:state "230.0000,222.0000,122.2300,117.0800" "confidence=0.9334459230303764" 
@@TRAX:frame "file:///home/vot-workspace/sequences/car1/color/00000097.jpg" 
@@TRAX:state "216.0000,208.0000,122.2300,117.0800" "confidence=0.9201225861907005" 
@@TRAX:frame "file:///home/vot-workspace/sequences/car1/color/00000098.jpg" 
@@TRAX:state "207.0000,200.0000,122.2300,117.0800" "confidence=0.9501517154276371" 
@@TRAX:frame "file:///home/vot-workspace/sequences/car1/color/00000099.jpg" 
@@TRAX:state "200.0000,197.0000,122.2300,117.0800" "confidence=0.9525615088641644" 
@@TRAX:frame "file:///home/vot-workspace/sequences/car1/color/00000100.jpg" 
@@TRAX:state "208.0000,189.0000,122.2300,117.0800" "confidence=0.9128595814108849" 
@@TRAX:frame "file:///home/vot-workspace/sequences/car1/color/00000101.jpg" 
@@TRAX:state "228.0000,169.0000,122.2300,117.0800" "confidence=0.9062638655304909" 
@@TRAX:frame "file:///home/vot-workspace/sequences/car1/color/00000102.jpg" 
@@TRAX:state "241.0000,161.0000,122.2300,117.0800" "confidence=0.9498204216361046" 
@@TRAX:frame "file:///home/vot-workspace/sequences/car1/color/00000103.jpg" 
@@TRAX:state "254.0000,165.0000,122.2300,117.0800" "confidence=0.9297908842563629" 
@@TRAX:frame "file:///home/vot-workspace/sequences/car1/color/00000104.jpg" 
@@TRAX:state "269.0000,179.0000,122.2300,117.0800" "confidence=0.9004476815462112" 
@@TRAX:frame "file:///home/vot-workspace/sequences/car1/color/00000105.jpg" 
@@TRAX:state "289.0000,205.0000,122.2300,117.0800" "confidence=0.8911018297076225" 
@@TRAX:frame "file:///home/vot-workspace/sequences/car1/color/00000106.jpg" 
@@TRAX:state "301.0000,218.0000,122.2300,117.0800" "confidence=0.9476606175303459" 
@@TRAX:frame "file:///home/vot-workspace/sequences/car1/color/00000107.jpg" 
@@TRAX:state "283.0000,197.0000,122.2300,117.0800" "confidence=0.8927499279379845" 
@@TRAX:frame "file:///home/vot-workspace/sequences/car1/color/00000108.jpg" 
@@TRAX:state "257.0000,186.0000,122.2300,117.0800" "confidence=0.9154550284147263" 
@@TRAX:frame "file:///home/vot-workspace/sequences/car1/color/00000109.jpg" 
@@TRAX:state "231.0000,188.0000,122.2300,117.0800" "confidence=0.8483054935932159" 
@@TRAX:frame "file:///home/vot-workspace/sequences/car1/color/00000110.jpg" 
@@TRAX:state "205.0000,204.0000,122.2300,117.0800" "confidence=0.8135574012994766" 
@@TRAX:frame "file:///home/vot-workspace/sequences/car1/color/00000111.jpg" 
@@TRAX:state "179.0000,225.0000,122.2300,117.0800" "confidence=0.8386066108942032" 
@@TRAX:frame "file:///home/vot-workspace/sequences/car1/color/00000112.jpg" 
@@TRAX:state "159.0000,233.0000,122.2300,117.0800" "confidence=0.9488269276916981" 
@@TRAX:frame "file:///home/vot-workspace/sequences/car1/color/00000113.jpg" 
@@TRAX:state "173.0000,213.0000,122.2300,117.0800" "confidence=0.8830437213182449" 
@@TRAX:frame "file:///home/vot-workspace/sequences/car1/color/00000114.jpg" 
@@TRAX:state "194.0000,187.0000,122.2300,117.0800" "confidence=0.8808562457561493" 
@@TRAX:frame "file:///home/vot-workspace/sequences/car1/color/00000115.jpg" 
@@TRAX:state "220.0000,166.0000,122.2300,117.0800" "confidence=0.9301583468914032" 
@@TRAX:frame "file:///home/vot-workspace/sequences/car1/color/00000116.jpg" 
@@TRAX:state "229.0000,167.0000,122.2300,117.0800" "confidence=0.9290884286165237" 
@@TRAX:frame "file:///home/vot-workspace/sequences/car1/color/00000117.jpg" 
@@TRAX:state "225.0000,185.0000,122.2300,117.0800" "confidence=0.9097992032766342" 
@@TRAX:frame "file:///home/vot-workspace/sequences/car1/color/00000118.jpg" 
@@TRAX:state "220.0000,202.0000,122.2300,117.0800" "confidence=0.9520246796309948" 
@@TRAX:frame "file:///home/vot-workspace/sequences/car1/color/00000119.jpg" 
@@TRAX:state "217.0000,199.0000,122.2300,117.0800" "confidence=0.9306891188025475" 
@@TRAX:frame "file:///home/vot-workspace/sequences/car1/color/00000120.jpg" 
@@TRAX:state "226.0000,189.0000,122.2300,117.0800" "confidence=0.9446648955345154" 
@@TRAX:frame "file:///home/vot-workspace/sequences/car1/color/00000121.jpg" 
@@TRAX:state "234.0000,189.0000,122.2300,117.0800" "confidence=0.9474540166556835" 
@@TRAX:frame "file:///home/vot-workspace/sequences/car1/color/00000122.jpg" 
@@TRAX:state "232.0000,200.0000,122.2300,117.0800" "confidence=0.9209623783826828" 
@@TRAX:frame "file:///home/vot-workspace/sequences/car1/color/00000123.jpg" 
@@TRAX:state "218.0000,214.0000,122.2300,117.0800" "confidence=0.9228335022926331" 
@@TRAX:frame "file:///home/vot-workspace/sequences/car1/color/00000124.jpg" 
@@TRAX:state "205.0000,218.0000,122.2300,117.0800" "confidence=0.9461229294538498" 
@@TRAX:frame "file:///home/vot-workspace/sequences/car1/color/00000125.jpg" 
@@TRAX:state "198.0000,201.0000,122.2300,117.0800" "confidence=0.9121372103691101" 
@@TRAX:frame "file:///home/vot-workspace/sequences/car1/color/00000126.jpg" 
@@TRAX:state "195.0000,185.0000,122.2300,117.0800" "confidence=0.9312171638011932" 
@@TRAX:frame "file:///home/vot-workspace/sequences/car1/color/00000127.jpg" 
@@TRAX:state "191.0000,184.0000,122.2300,117.0800" "confidence=0.9483769871294498" 
@@TRAX:frame "file:///home/vot-workspace/sequences/car1/color/00000128.jpg" 
@@TRAX:state "193.0000,195.0000,122.2300,117.0800" "confidence=0.9080320596694946" 
@@TRAX:frame "file:///home/vot-workspace/sequences/car1/color/00000129.jpg" 
@@TRAX:state "203.0000,218.0000,122.2300,117.0800" "confidence=0.8914278745651245" 
@@TRAX:frame "file:///home/vot-workspace/sequences/car1/color/00000130.jpg" 
@@TRAX:state "203.0000,244.0000,122.2300,117.0800" "confidence=0.9027029722929001" 
@@TRAX:frame "file:///home/vot-workspace/sequences/car1/color/00000131.jpg" 
@@TRAX:state "197.0000,245.0000,122.2300,117.0800" "confidence=0.904558852314949" 
@@TRAX:frame "file:///home/vot-workspace/sequences/car1/color/00000132.jpg" 
@@TRAX:state "196.0000,219.0000,122.2300,117.0800" "confidence=0.8816465437412262" 
@@TRAX:frame "file:///home/vot-workspace/sequences/car1/color/00000133.jpg" 
@@TRAX:state "198.0000,193.0000,122.2300,117.0800" "confidence=0.9091048464179039" 
@@TRAX:frame "file:///home/vot-workspace/sequences/car1/color/00000134.jpg" 
@@TRAX:state "186.0000,174.0000,122.2300,117.0800" "confidence=0.9049021899700165" 
@@TRAX:frame "file:///home/vot-workspace/sequences/car1/color/00000135.jpg" 
@@TRAX:state "168.0000,168.0000,122.2300,117.0800" "confidence=0.9515532702207565" 
@@TRAX:frame "file:///home/vot-workspace/sequences/car1/color/00000136.jpg" 
@@TRAX:state "159.0000,177.0000,122.2300,117.0800" "confidence=0.9220645576715469" 
@@TRAX:frame "file:///home/vot-workspace/sequences/car1/color/00000137.jpg" 
@@TRAX:state "166.0000,191.0000,122.2300,117.0800" "confidence=0.9249479919672012" 
@@TRAX:frame "file:///home/vot-workspace/sequences/car1/color/00000138.jpg" 
@@TRAX:state "180.0000,198.0000,122.2300,117.0800" "confidence=0.9536197409033775" 
@@TRAX:frame "file:///home/vot-workspace/sequences/car1/color/00000139.jpg" 
@@TRAX:state "198.0000,198.0000,122.2300,117.0800" "confidence=0.9511951804161072" 
@@TRAX:frame "file:///home/vot-workspace/sequences/car1/color/00000140.jpg" 
@@TRAX:state "218.0000,202.0000,122.2300,117.0800" "confidence=0.9149842634797096" 
@@TRAX:frame "file:///home/vot-workspace/sequences/car1/color/00000141.jpg" 
@@TRAX:state "244.0000,217.0000,122.2300,117.0800" "confidence=0.9099750518798828" 
@@TRAX:frame "file:///home/vot-workspace/sequences/car1/color/00000142.jpg" 
@@TRAX:state "270.0000,231.0000,122.2300,117.0800" "confidence=0.9106774926185608" 
@@TRAX:frame "file:///home/vot-workspace/sequences/car1/color/00000143.jpg" 
@@TRAX:state "292.0000,238.0000,122.2300,117.0800" "confidence=0.9639040566980839" 
@@TRAX:frame "file:///home/vot-workspace/sequences/car1/color/00000144.jpg" 
@@TRAX:state "280.0000,231.0000,122.2300,117.0800" "confidence=0.9168188720941544" 
@@TRAX:frame "file:///home/vot-workspace/sequences/car1/color/00000145.jpg" 
@@TRAX:state "254.0000,222.0000,122.2300,117.0800" "confidence=0.895784042775631" 
@@TRAX:frame "file:///home/vot-workspace/sequences/car1/color/00000146.jpg" 
@@TRAX:state "228.0000,213.0000,122.2300,117.0800" "confidence=0.8502314388751984" 
@@TRAX:frame "file:///home/vot-workspace/sequences/car1/color/00000147.jpg" 
@@TRAX:state "202.0000,211.0000,122.2300,117.0800" "confidence=0.8274997025728226" 
@@TRAX:frame "file:///home/vot-workspace/sequences/car1/color/00000148.jpg" 
@@TRAX:state "176.0000,217.0000,122.2300,117.0800" "confidence=0.825695350766182" 
@@TRAX:frame "file:///home/vot-workspace/sequences/car1/color/00000149.jpg" 
@@TRAX:state "150.0000,220.0000,122.2300,117.0800" "confidence=0.8145053833723068" 
@@TRAX:frame "file:///home/vot-workspace/sequences/car1/color/00000150.jpg" 
@@TRAX:state "124.0000,203.0000,122.2300,117.0800" "confidence=0.8868301957845688" 
@@TRAX:frame "file:///home/vot-workspace/sequences/car1/color/00000151.jpg" 
@@TRAX:state "150.0000,193.0000,122.2300,117.0800" "confidence=0.8916529715061188" 
@@TRAX:frame "file:///home/vot-workspace/sequences/car1/color/00000152.jpg" 
@@TRAX:state "176.0000,186.0000,122.2300,117.0800" "confidence=0.8412196487188339" 
@@TRAX:frame "file:///home/vot-workspace/sequences/car1/color/00000153.jpg" 
@@TRAX:state "202.0000,181.0000,122.2300,117.0800" "confidence=0.8468783646821976" 
@@TRAX:frame "file:///home/vot-workspace/sequences/car1/color/00000154.jpg" 
@@TRAX:state "223.0000,183.0000,122.2300,117.0800" "confidence=0.9461747258901596" 
@@TRAX:frame "file:///home/vot-workspace/sequences/car1/color/00000155.jpg" 
@@TRAX:state "230.0000,191.0000,122.2300,117.0800" "confidence=0.9139425158500671" 
@@TRAX:frame "file:///home/vot-workspace/sequences/car1/color/00000156.jpg" 
@@TRAX:state "237.0000,204.0000,122.2300,117.0800" "confidence=0.9202616363763809" 
@@TRAX:frame "file:///home/vot-workspace/sequences/car1/color/00000157.jpg" 
@@TRAX:state "226.0000,211.0000,122.2300,117.0800" "confidence=0.9235934987664223" 
@@TRAX:frame "file:///home/vot-workspace/sequences/car1/color/00000158.jpg" 
@@TRAX:state "200.0000,212.0000,122.2300,117.0800" "confidence=0.9100038185715675" 
@@TRAX:frame "file:///home/vot-workspace/sequences/car1/color/00000159.jpg" 
@@TRAX:state "174.0000,217.0000,122.2300,117.0800" "confidence=0.9007741287350655" 
@@TRAX:frame "file:///home/vot-workspace/sequences/car1/color/00000160.jpg" 
@@TRAX:state "169.0000,219.0000,122.2300,117.0800" "confidence=0.9218235015869141" 
@@TRAX:frame "file:///home/vot-workspace/sequences/car1/color/00000161.jpg" 
@@TRAX:state "195.0000,213.0000,122.2300,117.0800" "confidence=0.8940721526741982" 
@@TRAX:frame "file:///home/vot-workspace/sequences/car1/color/00000162.jpg" 
@@TRAX:state "221.0000,206.0000,122.2300,117.0800" "confidence=0.8331086039543152" 
@@TRAX:frame "file:///home/vot-workspace/sequences/car1/color/00000163.jpg" 
@@TRAX:state "247.0000,208.0000,122.2300,117.0800" "confidence=0.839295282959938" 
@@TRAX:frame "file:///home/vot-workspace/sequences/car1/color/00000164.jpg" 
@@TRAX:state "265.0000,209.0000,122.2300,117.0800" "confidence=0.9291568696498871" 
@@TRAX:frame "file:///home/vot-workspace/sequences/car1/color/00000165.jpg" 
@@TRAX:state "253.0000,198.0000,122.2300,117.0800" "confidence=0.9150413051247597" 
@@TRAX:frame "file:///home/vot-workspace/sequences/car1/color/00000166.jpg" 
@@TRAX:state "247.0000,191.0000,122.2300,117.0800" "confidence=0.9455799870193005" 
@@TRAX:frame "file:///home/vot-workspace/sequences/car1/color/00000167.jpg" 
@@TRAX:state "242.0000,186.0000,122.2300,117.0800" "confidence=0.9326147884130478" 
@@TRAX:frame "file:///home/vot-workspace/sequences/car1/color/00000168.jpg" 
@@TRAX:state "247.0000,181.0000,122.2300,117.0800" "confidence=0.9344877228140831" 
@@TRAX:frame "file:///home/vot-workspace/sequences/car1/color/00000169.jpg" 
@@TRAX:state "262.0000,185.0000,122.2300,117.0800" "confidence=0.9145081713795662" 
@@TRAX:frame "file:///home/vot-workspace/sequences/car1/color/00000170.jpg" 
@@TRAX:state "270.0000,196.0000,122.2300,117.0800" "confidence=0.9308533743023872" 
@@TRAX:frame "file:///home/vot-workspace/sequences/car1/color/00000171.jpg" 
@@TRAX:state "261.0000,198.0000,122.2300,117.0800" "confidence=0.9233181849122047" 
@@TRAX:frame "file:///home/vot-workspace/sequences/car1/color/00000172.jpg" 
@@TRAX:state "237.0000,201.0000,122.2300,117.0800" "confidence=0.9012409597635269" 
@@TRAX:frame "file:///home/vot-workspace/sequences/car1/color/00000173.jpg" 
@@TRAX:state "211.0000,218.0000,122.2300,117.0800" "confidence=0.8705750107765198" 
@@TRAX:frame "file:///home/vot-workspace/sequences/car1/color/00000174.jpg" 
@@TRAX:state "185.0000,238.0000,122.2300,117.0800" "confidence=0.9095284789800644" 
@@TRAX:frame "file:///home/vot-workspace/sequences/car1/color/00000175.jpg" 
@@TRAX:state "170.0000,242.0000,122.2300,117.0800" "confidence=0.9314494729042053" 
@@TRAX:frame "file:///home/vot-workspace/sequences/car1/color/00000176.jpg" 
@@TRAX:state "174.0000,239.0000,122.2300,117.0800" "confidence=0.926306813955307" 
@@TRAX:frame "file:///home/vot-workspace/sequences/car1/color/00000177.jpg" 
@@TRAX:state "199.0000,233.0000,122.2300,117.0800" "confidence=0.9284215345978737" 
@@TRAX:frame "file:///home/vot-workspace/sequences/car1/color/00000178.jpg" 
@@TRAX:state "205.0000,230.0000,122.2300,117.0800" "confidence=0.9452753998339176" 
@@TRAX:frame "file:///home/vot-workspace/sequences/car1/color/00000179.jpg" 
@@TRAX:state "186.0000,226.0000,122.2300,117.0800" "confidence=0.9340072721242905" 
@@TRAX:frame "file:///home/vot-workspace/sequences/car1/color/00000180.jpg" 
@@TRAX:state "169.0000,222.0000,122.2300,117.0800" "confidence=0.9392214342951775" 
@@TRAX:frame "file:///home/vot-workspace/sequences/car1/color/00000181.jpg" 
@@TRAX:state "167.0000,215.0000,122.2300,117.0800" "confidence=0.9328048527240753" 
@@TRAX:frame "file:///home/vot-workspace/sequences/car1/color/00000182.jpg" 
@@TRAX:state "187.0000,211.0000,122.2300,117.0800" "confidence=0.9229414239525795" 
@@TRAX:frame "file:///home/vot-workspace/sequences/car1/color/00000183.jpg" 
@@TRAX:state "213.0000,207.0000,122.2300,117.0800" "confidence=0.876445509493351" 
@@TRAX:frame "file:///home/vot-workspace/sequences/car1/color/00000184.jpg" 
@@TRAX:state "239.0000,193.0000,122.2300,117.0800" "confidence=0.834733709692955" 
@@TRAX:frame "file:///home/vot-workspace/sequences/car1/color/00000185.jpg" 
@@TRAX:state "265.0000,188.0000,122.2300,117.0800" "confidence=0.9147875681519508" 
@@TRAX:frame "file:///home/vot-workspace/sequences/car1/color/00000186.jpg" 
@@TRAX:state "240.0000,184.0000,122.2300,117.0800" "confidence=0.9155647084116936" 
@@TRAX:frame "file:///home/vot-workspace/sequences/car1/color/00000187.jpg" 
@@TRAX:state "214.0000,177.0000,122.2300,117.0800" "confidence=0.9070760682225227" 
@@TRAX:frame "file:///home/vot-workspace/sequences/car1/color/00000188.jpg" 
@@TRAX:state "191.0000,174.0000,122.2300,117.0800" "confidence=0.9293525144457817" 
@@TRAX:frame "file:///home/vot-workspace/sequences/car1/color/00000189.jpg" 
@@TRAX:state "175.0000,177.0000,122.2300,117.0800" "confidence=0.9248518869280815" 
@@TRAX:frame "file:///home/vot-workspace/sequences/car1/color/00000190.jpg" 
@@TRAX:state "163.0000,181.0000,122.2300,117.0800" "confidence=0.9357250109314919" 
@@TRAX:frame "file:///home/vot-workspace/sequences/car1/color/00000191.jpg" 
@@TRAX:state "167.0000,182.0000,122.2300,117.0800" "confidence=0.93062474578619" 
@@TRAX:frame "file:///home/vot-workspace/sequences/car1/color/00000192.jpg" 
@@TRAX:state "193.0000,184.0000,122.2300,117.0800" "confidence=0.9065891802310944" 
@@TRAX:frame "file:///home/vot-workspace/sequences/car1/color/00000193.jpg" 
@@TRAX:state "219.0000,187.0000,122.2300,117.0800" "confidence=0.824074387550354" 
@@TRAX:frame "file:///home/vot-workspace/sequences/car1/color/00000194.jpg" 
@@TRAX:state "245.0000,186.0000,122.2300,117.0800" "confidence=0.7969463020563126" 
@@TRAX:frame "file:///home/vot-workspace/sequences/car1/color/00000195.jpg" 
@@TRAX:state "271.0000,184.0000,122.2300,117.0800" "confidence=0.8595029711723328" 
@@TRAX:frame "file:///home/vot-workspace/sequences/car1/color/00000196.jpg" 
@@TRAX:state "269.0000,187.0000,122.2300,117.0800" "confidence=0.9223424047231674" 
@@TRAX:frame "file:///home/vot-workspace/sequences/car1/color/00000197.jpg" 
@@TRAX:state "249.0000,191.0000,122.2300,117.0800" "confidence=0.9231559783220291" 
@@TRAX:frame "file:///home/vot-workspace/sequences/car1/color/00000198.jpg" 
@@TRAX:state "226.0000,201.0000,122.2300,117.0800" "confidence=0.9093814268708229" 
@@TRAX:frame "file:///home/vot-workspace/sequences/car1/color/00000199.jpg" 
@@TRAX:state "202.0000,207.0000,122.2300,117.0800" "confidence=0.9238415881991386" 
@@TRAX:frame "file:///home/vot-workspace/sequences/car1/color/00000200.jpg" 
@@TRAX:state "176.0000,197.0000,122.2300,117.0800" "confidence=0.8831182718276978" 
@@TRAX:frame "file:///home/vot-workspace/sequences/car1/color/00000201.jpg" 
@@TRAX:state "150.0000,181.0000,122.2300,117.0800" "confidence=0.8774551600217819" 
@@TRAX:frame "file:///home/vot-workspace/sequences/car1/color/00000202.jpg" 
@@TRAX:state "135.0000,179.0000,122.2300,117.0800" "confidence=0.9459522292017937" 
@@TRAX:frame "file:///home/vot-workspace/sequences/car1/color/00000203.jpg" 
@@TRAX:state "152.0000,180.0000,122.2300,117.0800" "confidence=0.9349021464586258" 
@@TRAX:frame "file:///home/vot-workspace/sequences/car1/color/00000204.jpg" 
@@TRAX:state "178.0000,185.0000,122.2300,117.0800" "confidence=0.9284683912992477" 
@@TRAX:frame "file:///home/vot-workspace/sequences/car1/color/00000205.jpg" 
@@TRAX:state "190.0000,189.0000,122.2300,117.0800" "confidence=0.9471365846693516" 
@@TRAX:frame "file:///home/vot-workspace/sequences/car1/color/00000206.jpg" 
@@TRAX:state "185.0000,182.0000,122.2300,117.0800" "confidence=0.9286107197403908" 
@@TRAX:frame "file:///home/vot-workspace/sequences/car1/color/00000207.jpg" 
@@TRAX:state "191.0000,171.0000,122.2300,117.0800" "confidence=0.9212737083435059" 
@@TRAX:frame "file:///home/vot-workspace/sequences/car1/color/00000208.jpg" 
@@TRAX:state "201.0000,163.0000,122.2300,117.0800" "confidence=0.9406010769307613" 
@@TRAX:frame "file:///home/vot-workspace/sequences/car1/color/00000209.jpg" 
@@TRAX:state "209.0000,164.0000,122.2300,117.0800" "confidence=0.9397524371743202" 
@@TRAX:frame "file:///home/vot-workspace/sequences/car1/color/00000210.jpg" 
@@TRAX:state "211.0000,174.0000,122.2300,117.0800" "confidence=0.9278033152222633" 
@@TRAX:frame "file:///home/vot-workspace/sequences/car1/color/00000211.jpg" 
@@TRAX:state "202.0000,185.0000,122.2300,117.0800" "confidence=0.9167017564177513" 
@@TRAX:frame "file:///home/vot-workspace/sequences/car1/color/00000212.jpg" 
@@TRAX:state "196.0000,198.0000,122.2300,117.0800" "confidence=0.9094950780272484" 
@@TRAX:frame "file:///home/vot-workspace/sequences/car1/color/00000213.jpg" 
@@TRAX:state "205.0000,219.0000,122.2300,117.0800" "confidence=0.8829500898718834" 
@@TRAX:frame "file:///home/vot-workspace/sequences/car1/color/00000214.jpg" 
@@TRAX:state "218.0000,242.0000,122.2300,117.0800" "confidence=0.9190804809331894" 
@@TRAX:frame "file:///home/vot-workspace/sequences/car1/color/00000215.jpg" 
@@TRAX:state "204.0000,244.0000,122.2300,117.0800" "confidence=0.9282850176095963" 
@@TRAX:frame "file:///home/vot-workspace/sequences/car1/color/00000216.jpg" 
@@TRAX:state "185.0000,233.0000,122.2300,117.0800" "confidence=0.901236966252327" 
@@TRAX:frame "file:///home/vot-workspace/sequences/car1/color/00000217.jpg" 
@@TRAX:state "176.0000,207.0000,122.2300,117.0800" "confidence=0.8692822307348251" 
@@TRAX:frame "file:///home/vot-workspace/sequences/car1/color/00000218.jpg" 
@@TRAX:state "175.0000,181.0000,122.2300,117.0800" "confidence=0.8312440663576126" 
@@TRAX:frame "file:///home/vot-workspace/sequences/car1/color/00000219.jpg" 
@@TRAX:state "182.0000,155.0000,122.2300,117.0800" "confidence=0.8575719892978668" 
@@TRAX:frame "file:///home/vot-workspace/sequences/car1/color/00000220.jpg" 
@@TRAX:state "196.0000,151.0000,122.2300,117.0800" "confidence=0.9296329542994499" 
@@TRAX:frame "file:///home/vot-workspace/sequences/car1/color/00000221.jpg" 
@@TRAX:state "212.0000,163.0000,122.2300,117.0800" "confidence=0.9015465378761292" 
@@TRAX:frame "file:///home/vot-workspace/sequences/car1/color/00000222.jpg" 
@@TRAX:state "234.0000,179.0000,122.2300,117.0800" "confidence=0.924064502120018" 
@@TRAX:frame "file:///home/vot-workspace/sequences/car1/color/00000223.jpg" 
@@TRAX:state "238.0000,180.0000,122.2300,117.0800" "confidence=0.9385415613651276" 
@@TRAX:frame "file:///home/vot-workspace/sequences/car1/color/00000224.jpg" 
@@TRAX:state "229.0000,179.0000,122.2300,117.0800" "confidence=0.9310231953859329" 
@@TRAX:frame "file:///home/vot-workspace/sequences/car1/color/00000225.jpg" 
@@TRAX:state "205.0000,186.0000,122.2300,117.0800" "confidence=0.915644958615303" 
@@TRAX:frame "file:///home/vot-workspace/sequences/car1/color/00000226.jpg" 
@@TRAX:state "185.0000,194.0000,122.2300,117.0800" "confidence=0.9208193272352219" 
@@TRAX:frame "file:///home/vot-workspace/sequences/car1/color/00000227.jpg" 
@@TRAX:state "180.0000,204.0000,122.2300,117.0800" "confidence=0.9240561127662659" 
@@TRAX:frame "file:///home/vot-workspace/sequences/car1/color/00000228.jpg" 
@@TRAX:state "184.0000,210.0000,122.2300,117.0800" "confidence=0.9315024614334106" 
@@TRAX:frame "file:///home/vot-workspace/sequences/car1/color/00000229.jpg" 
@@TRAX:state "181.0000,202.0000,122.2300,117.0800" "confidence=0.9085820242762566" 
@@TRAX:frame "file:///home/vot-workspace/sequences/car1/color/00000230.jpg" 
@@TRAX:state "181.0000,176.0000,122.2300,117.0800" "confidence=0.8809093609452248" 
@@TRAX:frame "file:///home/vot-workspace/sequences/car1/color/00000231.jpg" 
@@TRAX:state "194.0000,156.0000,122.2300,117.0800" "confidence=0.9021111205220222" 
@@TRAX:frame "file:///home/vot-workspace/sequences/car1/color/00000232.jpg" 
@@TRAX:state "220.0000,154.0000,122.2300,117.0800" "confidence=0.9041346535086632" 
@@TRAX:frame "file:///home/vot-workspace/sequences/car1/color/00000233.jpg" 
@@TRAX:state "246.0000,160.0000,122.2300,117.0800" "confidence=0.8615110069513321" 
@@TRAX:frame "file:///home/vot-workspace/sequences/car1/color/00000234.jpg" 
@@TRAX:state "272.0000,179.0000,122.2300,117.0800" "confidence=0.8404635637998581" 
@@TRAX:frame "file:///home/vot-workspace/sequences/car1/color/00000235.jpg" 
@@TRAX:state "292.0000,201.0000,122.2300,117.0800" "confidence=0.9019075110554695" 
@@TRAX:frame "file:///home/vot-workspace/sequences/car1/color/00000236.jpg" 
@@TRAX:state "289.0000,213.0000,122.2300,117.0800" "confidence=0.9256990700960159" 
@@TRAX:frame "file:///home/vot-workspace/sequences/car1/color/00000237.jpg" 
@@TRAX:state "291.0000,216.0000,122.2300,117.0800" "confidence=0.9229992628097534" 
@@TRAX:frame "file:///home/vot-workspace/sequences/car1/color/00000238.jpg" 
@@TRAX:state "295.0000,213.0000,122.2300,117.0800" "confidence=0.9241234064102173" 
@@TRAX:frame "file:///home/vot-workspace/sequences/car1/color/00000239.jpg" 
@@TRAX:state "285.0000,215.0000,122.2300,117.0800" "confidence=0.910935677587986" 
@@TRAX:frame "file:///home/vot-workspace/sequences/car1/color/00000240.jpg" 
@@TRAX:state "259.0000,221.0000,122.2300,117.0800" "confidence=0.9058927521109581" 
@@TRAX:frame "file:///home/vot-workspace/sequences/car1/color/00000241.jpg" 
@@TRAX:state "233.0000,220.0000,122.2300,117.0800" "confidence=0.9180905669927597" 
@@TRAX:frame "file:///home/vot-workspace/sequences/car1/color/00000242.jpg" 
@@TRAX:state "226.0000,228.0000,122.2300,117.0800" "confidence=0.9185926839709282" 
@@TRAX:frame "file:///home/vot-workspace/sequences/car1/color/00000243.jpg" 
@@TRAX:state "213.0000,233.0000,122.2300,117.0800" "confidence=0.9210485145449638" 
@@TRAX:frame "file:///home/vot-workspace/sequences/car1/color/00000244.jpg" 
@@TRAX:state "202.0000,222.0000,122.2300,117.0800" "confidence=0.9139149263501167" 
@@TRAX:frame "file:///home/vot-workspace/sequences/car1/color/00000245.jpg" 
@@TRAX:state "203.0000,208.0000,122.2300,117.0800" "confidence=0.9239871650934219" 
@@TRAX:frame "file:///home/vot-workspace/sequences/car1/color/00000246.jpg" 
@@TRAX:state "208.0000,200.0000,122.2300,117.0800" "confidence=0.9320874214172363" 
@@TRAX:frame "file:///home/vot-workspace/sequences/car1/color/00000247.jpg" 
@@TRAX:state "215.0000,196.0000,122.2300,117.0800" "confidence=0.9236478880047798" 
@@TRAX:frame "file:///home/vot-workspace/sequences/car1/color/00000248.jpg" 
@@TRAX:state "229.0000,195.0000,122.2300,117.0800" "confidence=0.9164521768689156" 
@@TRAX:frame "file:///home/vot-workspace/sequences/car1/color/00000249.jpg" 
@@TRAX:state "246.0000,186.0000,122.2300,117.0800" "confidence=0.9133502691984177" 
@@TRAX:frame "file:///home/vot-workspace/sequences/car1/color/00000250.jpg" 
@@TRAX:state "252.0000,170.0000,122.2300,117.0800" "confidence=0.9134484902024269" 
@@TRAX:frame "file:///home/vot-workspace/sequences/car1/color/00000251.jpg" 
@@TRAX:state "255.0000,160.0000,122.2300,117.0800" "confidence=0.9273150712251663" 
@@TRAX:frame "file:///home/vot-workspace/sequences/car1/color/00000252.jpg" 
@@TRAX:state "265.0000,170.0000,122.2300,117.0800" "confidence=0.8777892366051674" 
@@TRAX:frame "file:///home/vot-workspace/sequences/car1/color/00000253.jpg" 
@@TRAX:state "277.0000,196.0000,122.2300,117.0800" "confidence=0.8352888524532318" 
@@TRAX:frame "file:///home/vot-workspace/sequences/car1/color/00000254.jpg" 
@@TRAX:state "275.0000,222.0000,122.2300,117.0800" "confidence=0.7888922095298767" 
@@TRAX:frame "file:///home/vot-workspace/sequences/car1/color/00000255.jpg" 
@@TRAX:state "254.0000,248.0000,122.2300,117.0800" "confidence=0.9102500081062317" 
@@TRAX:frame "file:///home/vot-workspace/sequences/car1/color/00000256.jpg" 
@@TRAX:state "246.0000,230.0000,122.2300,117.0800" "confidence=0.8720232248306274" 
@@TRAX:frame "file:///home/vot-workspace/sequences/car1/color/00000257.jpg" 
@@TRAX:state "244.0000,204.0000,122.2300,117.0800" "confidence=0.8045267760753632" 
@@TRAX:frame "file:///home/vot-workspace/sequences/car1/color/00000258.jpg" 
@@TRAX:state "218.0000,230.0000,122.2300,117.0800" "confidence=0.7815479785203934" 
@@TRAX:frame "file:///home/vot-workspace/sequences/car1/color/00000259.jpg" 
@@TRAX:state "210.0000,249.0000,122.2300,117.0800" "confidence=0.8009710907936096" 
@@TRAX:frame "file:///home/vot-workspace/sequences/car1/color/00000260.jpg" 
@@TRAX:state "196.0000,237.0000,122.2300,117.0800" "confidence=0.805244043469429" 
@@TRAX:frame "file:///home/vot-workspace/sequences/car1/color/00000261.jpg" 
@@TRAX:state "180.0000,261.0000,122.2300,117.0800" "confidence=0.8004644066095352" 
@@TRAX:frame "file:///home/vot-workspace/sequences/car1/color/00000262.jpg" 
@@TRAX:state "189.0000,242.0000,122.2300,117.0800" "confidence=0.8050798326730728" 
@@TRAX:frame "file:///home/vot-workspace/sequences/car1/color/00000263.jpg" 
@@TRAX:state "215.0000,231.0000,122.2300,117.0800" "confidence=0.807305708527565" 
@@TRAX:frame "file:///home/vot-workspace/sequences/car1/color/00000264.jpg" 
@@TRAX:state "240.0000,218.0000,122.2300,117.0800" "confidence=0.8065983802080154" 
@@TRAX:frame "file:///home/vot-workspace/sequences/car1/color/00000265.jpg" 
@@TRAX:state "252.0000,215.0000,122.2300,117.0800" "confidence=0.8016563653945923" 
@@TRAX:frame "file:///home/vot-workspace/sequences/car1/color/00000266.jpg" 
@@TRAX:state "252.0000,228.0000,122.2300,117.0800" "confidence=0.8090952336788177" 
@@TRAX:frame "file:///home/vot-workspace/sequences/car1/color/00000267.jpg" 
@@TRAX:state "234.0000,247.0000,122.2300,117.0800" "confidence=0.8096640706062317" 
@@TRAX:frame "file:///home/vot-workspace/sequences/car1/color/00000268.jpg" 
@@TRAX:state "216.0000,258.0000,122.2300,117.0800" "confidence=0.8048018515110016" 
@@TRAX:frame "file:///home/vot-workspace/sequences/car1/color/00000269.jpg" 
@@TRAX:state "210.0000,277.0000,122.2300,117.0800" "confidence=0.8003251254558563" 
@@TRAX:frame "file:///home/vot-workspace/sequences/car1/color/00000270.jpg" 
@@TRAX:state "213.0000,274.0000,122.2300,117.0800" "confidence=0.8021829128265381" 
@@TRAX:frame "file:///home/vot-workspace/sequences/car1/color/00000271.jpg" 
@@TRAX:state "222.0000,259.0000,122.2300,117.0800" "confidence=0.8077319413423538" 
@@TRAX:frame "file:///home/vot-workspace/sequences/car1/color/00000272.jpg" 
@@TRAX:state "213.0000,271.0000,122.2300,117.0800" "confidence=0.8129334449768066" 
@@TRAX:frame "file:///home/vot-workspace/sequences/car1/color/00000273.jpg" 
@@TRAX:state "187.0000,281.0000,122.2300,117.0800" "confidence=0.8099068403244019" 
@@TRAX:frame "file:///home/vot-workspace/sequences/car1/color/00000274.jpg" 
@@TRAX:state "174.0000,300.0000,122.2300,117.0800" "confidence=0.8043763339519501" 
@@TRAX:frame "file:///home/vot-workspace/sequences/car1/color/00000275.jpg" 
@@TRAX:state "186.0000,275.0000,122.2300,117.0800" "confidence=0.8119359463453293" 
@@TRAX:frame "file:///home/vot-workspace/sequences/car1/color/00000276.jpg" 
@@TRAX:state "203.0000,259.0000,122.2300,117.0800" "confidence=0.8117393106222153" 
@@TRAX:frame "file:///home/vot-workspace/sequences/car1/color/00000277.jpg" 
@@TRAX:state "214.0000,256.0000,122.2300,117.0800" "confidence=0.8049174100160599" 
@@TRAX:frame "file:///home/vot-workspace/sequences/car1/color/00000278.jpg" 
@@TRAX:state "213.0000,263.0000,122.2300,117.0800" "confidence=0.8083057403564453" 
@@TRAX:frame "file:///home/vot-workspace/sequences/car1/color/00000279.jpg" 
@@TRAX:state "211.0000,272.0000,122.2300,117.0800" "confidence=0.8033648133277893" 
@@TRAX:frame "file:///home/vot-workspace/sequences/car1/color/00000280.jpg" 
@@TRAX:state "210.0000,293.0000,122.2300,117.0800" "confidence=0.8008111119270325" 
@@TRAX:frame "file:///home/vot-workspace/sequences/car1/color/00000281.jpg" 
@@TRAX:state "204.0000,281.0000,122.2300,117.0800" "confidence=0.8065431863069534" 
@@TRAX:frame "file:///home/vot-workspace/sequences/car1/color/00000282.jpg" 
@@TRAX:state "188.0000,291.0000,122.2300,117.0800" "confidence=0.8115703463554382" 
@@TRAX:frame "file:///home/vot-workspace/sequences/car1/color/00000283.jpg" 
@@TRAX:state "182.0000,306.0000,122.2300,117.0800" "confidence=0.8080770522356033" 
@@TRAX:frame "file:///home/vot-workspace/sequences/car1/color/00000284.jpg" 
@@TRAX:state "189.0000,326.0000,122.2300,117.0800" "confidence=0.805033266544342" 
@@TRAX:frame "file:///home/vot-workspace/sequences/car1/color/00000285.jpg" 
@@TRAX:state "196.0000,304.0000,122.2300,117.0800" "confidence=0.8062450140714645" 
@@TRAX:frame "file:///home/vot-workspace/sequences/car1/color/00000286.jpg" 
@@TRAX:state "194.0000,315.0000,122.2300,117.0800" "confidence=0.8075880259275436" 
@@TRAX:frame "file:///home/vot-workspace/sequences/car1/color/00000287.jpg" 
@@TRAX:state "187.0000,311.0000,122.2300,117.0800" "confidence=0.8048335313796997" 
@@TRAX:frame "file:///home/vot-workspace/sequences/car1/color/00000288.jpg" 
@@TRAX:state "198.0000,289.0000,122.2300,117.0800" "confidence=0.8099840432405472" 
@@TRAX:frame "file:///home/vot-workspace/sequences/car1/color/00000289.jpg" 
@@TRAX:state "223.0000,266.0000,122.2300,117.0800" "confidence=0.8103777766227722" 
@@TRAX:frame "file:///home/vot-workspace/sequences/car1/color/00000290.jpg" 
@@TRAX:state "243.0000,250.0000,122.2300,117.0800" "confidence=0.801928386092186" 
@@TRAX:frame "file:///home/vot-workspace/sequences/car1/color/00000291.jpg" 
@@TRAX:state "253.0000,250.0000,122.2300,117.0800" "confidence=0.797919437289238" 
@@TRAX:frame "file:///home/vot-workspace/sequences/car1/color/00000292.jpg" 
@@TRAX:state "253.0000,242.0000,122.2300,117.0800" "confidence=0.8055475056171417" 
@@TRAX:frame "file:///home/vot-workspace/sequences/car1/color/00000293.jpg" 
@@TRAX:state "250.0000,268.0000,122.2300,117.0800" "confidence=0.8069568276405334" 
@@TRAX:frame "file:///home/vot-workspace/sequences/car1/color/00000294.jpg" 
@@TRAX:state "242.0000,291.0000,122.2300,117.0800" "confidence=0.8054072707891464" 
@@TRAX:frame "file:///home/vot-workspace/sequences/car1/color/00000295.jpg" 
@@TRAX:state "237.0000,299.0000,122.2300,117.0800" "confidence=0.8005679398775101" 
@@TRAX:frame "file:///home/vot-workspace/sequences/car1/color/00000296.jpg" 
@@TRAX:state "216.0000,296.0000,122.2300,117.0800" "confidence=0.804692953824997" 
@@TRAX:frame "file:///home/vot-workspace/sequences/car1/color/00000297.jpg" 
@@TRAX:state "194.0000,298.0000,122.2300,117.0800" "confidence=0.8059529960155487" 
@@TRAX:frame "file:///home/vot-workspace/sequences/car1/color/00000298.jpg" 
@@TRAX:state "190.0000,308.0000,122.2300,117.0800" "confidence=0.8076964616775513" 
@@TRAX:frame "file:///home/vot-workspace/sequences/car1/color/00000299.jpg" 
@@TRAX:state "202.0000,318.0000,122.2300,117.0800" "confidence=0.8027336597442627" 
@@TRAX:frame "file:///home/vot-workspace/sequences/car1/color/00000300.jpg" 
@@TRAX:state "211.0000,314.0000,122.2300,117.0800" "confidence=0.8095173388719559" 
@@TRAX:frame "file:///home/vot-workspace/sequences/car1/color/00000301.jpg" 
@@TRAX:state "212.0000,298.0000,122.2300,117.0800" "confidence=0.8113609105348587" 
@@TRAX:frame "file:///home/vot-workspace/sequences/car1/color/00000302.jpg" 
@@TRAX:state "217.0000,281.0000,122.2300,117.0800" "confidence=0.8108817934989929" 
@@TRAX:frame "file:///home/vot-workspace/sequences/car1/color/00000303.jpg" 
@@TRAX:state "233.0000,280.0000,122.2300,117.0800" "confidence=0.8084347993135452" 
@@TRAX:frame "file:///home/vot-workspace/sequences/car1/color/00000304.jpg" 
@@TRAX:state "259.0000,283.0000,122.2300,117.0800" "confidence=0.8083782494068146" 
@@TRAX:frame "file:///home/vot-workspace/sequences/car1/color/00000305.jpg" 
@@TRAX:state "274.0000,297.0000,122.2300,117.0800" "confidence=0.8069376051425934" 
@@TRAX:frame "file:///home/vot-workspace/sequences/car1/color/00000306.jpg" 
@@TRAX:state "269.0000,275.0000,122.2300,117.0800" "confidence=0.8090358525514603" 
@@TRAX:frame "file:///home/vot-workspace/sequences/car1/color/00000307.jpg" 
@@TRAX:state "252.0000,289.0000,122.2300,117.0800" "confidence=0.8091618120670319" 
@@TRAX:frame "file:///home/vot-workspace/sequences/car1/color/00000308.jpg" 
@@TRAX:state "247.0000,282.0000,122.2300,117.0800" "confidence=0.8150844126939774" 
@@TRAX:frame "file:///home/vot-workspace/sequences/car1/color/00000309.jpg" 
@@TRAX:state "242.0000,298.0000,122.2300,117.0800" "confidence=0.8160723745822906" 
@@TRAX:frame "file:///home/vot-workspace/sequences/car1/color/00000310.jpg" 
@@TRAX:state "232.0000,310.0000,122.2300,117.0800" "confidence=0.8122909367084503" 
@@TRAX:frame "file:///home/vot-workspace/sequences/car1/color/00000311.jpg" 
@@TRAX:state "228.0000,312.0000,122.2300,117.0800" "confidence=0.8081317096948624" 
@@TRAX:frame "file:///home/vot-workspace/sequences/car1/color/00000312.jpg" 
@@TRAX:state "238.0000,307.0000,122.2300,117.0800" "confidence=0.8118709474802017" 
@@TRAX:frame "file:///home/vot-workspace/sequences/car1/color/00000313.jpg" 
@@TRAX:state "241.0000,297.0000,122.2300,117.0800" "confidence=0.8128032982349396" 
@@TRAX:frame "file:///home/vot-workspace/sequences/car1/color/00000314.jpg" 
@@TRAX:state "236.0000,289.0000,122.2300,117.0800" "confidence=0.8128160685300827" 
@@TRAX:frame "file:///home/vot-workspace/sequences/car1/color/00000315.jpg" 
@@TRAX:state "231.0000,283.0000,122.2300,117.0800" "confidence=0.8100977838039398" 
@@TRAX:frame "file:///home/vot-workspace/sequences/car1/color/00000316.jpg" 
@@TRAX:state "230.0000,278.0000,122.2300,117.0800" "confidence=0.8085587620735168" 
@@TRAX:frame "file:///home/vot-workspace/sequences/car1/color/00000317.jpg" 
@@TRAX:state "236.0000,276.0000,122.2300,117.0800" "confidence=0.8104261010885239" 
@@TRAX:frame "file:///home/vot-workspace/sequences/car1/color/00000318.jpg" 
@@TRAX:state "243.0000,267.0000,122.2300,117.0800" "confidence=0.8157671838998795" 
@@TRAX:frame "file:///home/vot-workspace/sequences/car1/color/00000319.jpg" 
@@TRAX:state "243.0000,277.0000,122.2300,117.0800" "confidence=0.8067957311868668" 
@@TRAX:frame "file:///home/vot-workspace/sequences/car1/color/00000320.jpg" 
@@TRAX:state "245.0000,268.0000,122.2300,117.0800" "confidence=0.8155982345342636" 
@@TRAX:frame "file:///home/vot-workspace/sequences/car1/color/00000321.jpg" 
@@TRAX:state "253.0000,283.0000,122.2300,117.0800" "confidence=0.8163135051727295" 
@@TRAX:frame "file:///home/vot-workspace/sequences/car1/color/00000322.jpg" 
@@TRAX:state "261.0000,296.0000,122.2300,117.0800" "confidence=0.8137877881526947" 
@@TRAX:frame "file:///home/vot-workspace/sequences/car1/color/00000323.jpg" 
@@TRAX:state "264.0000,300.0000,122.2300,117.0800" "confidence=0.8086872100830078" 
@@TRAX:frame "file:///home/vot-workspace/sequences/car1/color/00000324.jpg" 
@@TRAX:state "251.0000,300.0000,122.2300,117.0800" "confidence=0.811957597732544" 
@@TRAX:frame "file:///home/vot-workspace/sequences/car1/color/00000325.jpg" 
@@TRAX:state "225.0000,306.0000,122.2300,117.0800" "confidence=0.8124628216028214" 
@@TRAX:frame "file:///home/vot-workspace/sequences/car1/color/00000326.jpg" 
@@TRAX:state "200.0000,307.0000,122.2300,117.0800" "confidence=0.8118643164634705" 
@@TRAX:frame "file:///home/vot-workspace/sequences/car1/color/00000327.jpg" 
@@TRAX:state "187.0000,296.0000,122.2300,117.0800" "confidence=0.8152840882539749" 
@@TRAX:frame "file:///home/vot-workspace/sequences/car1/color/00000328.jpg" 
@@TRAX:state "177.0000,271.0000,122.2300,117.0800" "confidence=0.8143927901983261" 
@@TRAX:frame "file:///home/vot-workspace/sequences/car1/color/00000329.jpg" 
@@TRAX:state "177.0000,245.0000,122.2300,117.0800" "confidence=0.8103538006544113" 
@@TRAX:frame "file:///home/vot-workspace/sequences/car1/color/00000330.jpg" 
@@TRAX:state "187.0000,233.0000,122.2300,117.0800" "confidence=0.8052890598773956" 
@@TRAX:frame "file:///home/vot-workspace/sequences/car1/color/00000331.jpg" 
@@TRAX:state "201.0000,240.0000,122.2300,117.0800" "confidence=0.812387615442276" 
@@TRAX:frame "file:///home/vot-workspace/sequences/car1/color/00000332.jpg" 
@@TRAX:state "214.0000,251.0000,122.2300,117.0800" "confidence=0.8076177835464478" 
@@TRAX:frame "file:///home/vot-workspace/sequences/car1/color/00000333.jpg" 
@@TRAX:state "221.0000,253.0000,122.2300,117.0800" "confidence=0.8034138679504395" 
@@TRAX:frame "file:///home/vot-workspace/sequences/car1/color/00000334.jpg" 
@@TRAX:state "229.0000,256.0000,122.2300,117.0800" "confidence=0.8116268068552017" 
@@TRAX:frame "file:///home/vot-workspace/sequences/car1/color/00000335.jpg" 
@@TRAX:state "240.0000,280.0000,122.2300,117.0800" "confidence=0.8126471042633057" 
@@TRAX:frame "file:///home/vot-workspace/sequences/car1/color/00000336.jpg" 
@@TRAX:state "258.0000,305.0000,122.2300,117.0800" "confidence=0.8131807893514633" 
@@TRAX:frame "file:///home/vot-workspace/sequences/car1/color/00000337.jpg" 
@@TRAX:state "266.0000,320.0000,122.2300,117.0800" "confidence=0.8147752285003662" 
@@TRAX:frame "file:///home/vot-workspace/sequences/car1/color/00000338.jpg" 
@@TRAX:state "259.0000,317.0000,122.2300,117.0800" "confidence=0.8173958957195282" 
@@TRAX:frame "file:///home/vot-workspace/sequences/car1/color/00000339.jpg" 
@@TRAX:state "250.0000,291.0000,122.2300,117.0800" "confidence=0.8141739964485168" 
@@TRAX:frame "file:///home/vot-workspace/sequences/car1/color/00000340.jpg" 
@@TRAX:state "241.0000,269.0000,122.2300,117.0800" "confidence=0.8151949942111969" 
@@TRAX:frame "file:///home/vot-workspace/sequences/car1/color/00000341.jpg" 
@@TRAX:state "219.0000,264.0000,122.2300,117.0800" "confidence=0.8170918077230453" 
@@TRAX:frame "file:///home/vot-workspace/sequences/car1/color/00000342.jpg" 
@@TRAX:state "200.0000,267.0000,122.2300,117.0800" "confidence=0.8206627368927002" 
@@TRAX:frame "file:///home/vot-workspace/sequences/car1/color/00000343.jpg" 
@@TRAX:state "190.0000,292.0000,122.2300,117.0800" "confidence=0.8188213258981705" 
@@TRAX:frame "file:///home/vot-workspace/sequences/car1/color/00000344.jpg" 
@@TRAX:state "200.0000,313.0000,122.2300,117.0800" "confidence=0.8319574743509293" 
@@TRAX:frame "file:///home/vot-workspace/sequences/car1/color/00000345.jpg" 
@@TRAX:state "226.0000,339.0000,122.2300,117.0800" "confidence=0.6096330285072327" 
@@TRAX:quit 
@@TRAX:hello "trax.name=" "trax.family=" "trax.image=path;" "trax.region=rectangle;" "trax.description=" "trax.version=3" "vot=python" "trax.channels=color;" 
@@TRAX:initialize "file:///home/vot-workspace/sequences/car1/color/00000350.jpg" "270.6900,260.1900,104.0000,91.2100" 
@@TRAX:state "270.6900,260.1900,104.0000,91.2100" 
@@TRAX:frame "file:///home/vot-workspace/sequences/car1/color/00000351.jpg" 
QFontDatabase: Cannot find font directory /usr/local/lib/python3.9/site-packages/cv2/qt/fonts.
Note that Qt no longer ships fonts. Deploy some (from https://dejavu-fonts.github.io/ for example) or switch to fontconfig.
QFontDatabase: Cannot find font directory /usr/local/lib/python3.9/site-packages/cv2/qt/fonts.
Note that Qt no longer ships fonts. Deploy some (from https://dejavu-fonts.github.io/ for example) or switch to fontconfig.
QFontDatabase: Cannot find font directory /usr/local/lib/python3.9/site-packages/cv2/qt/fonts.
Note that Qt no longer ships fonts. Deploy some (from https://dejavu-fonts.github.io/ for example) or switch to fontconfig.
QFontDatabase: Cannot find font directory /usr/local/lib/python3.9/site-packages/cv2/qt/fonts.
Note that Qt no longer ships fonts. Deploy some (from https://dejavu-fonts.github.io/ for example) or switch to fontconfig.
QFontDatabase: Cannot find font directory /usr/local/lib/python3.9/site-packages/cv2/qt/fonts.
Note that Qt no longer ships fonts. Deploy some (from https://dejavu-fonts.github.io/ for example) or switch to fontconfig.
@@TRAX:state "270.0000,256.0000,104.0000,91.2100" "confidence=0.9888957366347313" 
@@TRAX:frame "file:///home/vot-workspace/sequences/car1/color/00000352.jpg" 
@@TRAX:state "272.0000,251.0000,104.0000,91.2100" "confidence=0.9749693293124437" 
@@TRAX:frame "file:///home/vot-workspace/sequences/car1/color/00000353.jpg" 
@@TRAX:state "274.0000,240.0000,104.0000,91.2100" "confidence=0.9592943452298641" 
@@TRAX:frame "file:///home/vot-workspace/sequences/car1/color/00000354.jpg" 
@@TRAX:state "275.0000,232.0000,104.0000,91.2100" "confidence=0.9863226637244225" 
@@TRAX:frame "file:///home/vot-workspace/sequences/car1/color/00000355.jpg" 
@@TRAX:state "270.0000,233.0000,104.0000,91.2100" "confidence=0.9686623327434063" 
@@TRAX:frame "file:///home/vot-workspace/sequences/car1/color/00000356.jpg" 
@@TRAX:state "260.0000,240.0000,104.0000,91.2100" "confidence=0.9670978486537933" 
@@TRAX:frame "file:///home/vot-workspace/sequences/car1/color/00000357.jpg" 
@@TRAX:state "252.0000,242.0000,104.0000,91.2100" "confidence=0.9815530143678188" 
@@TRAX:frame "file:///home/vot-workspace/sequences/car1/color/00000358.jpg" 
@@TRAX:state "250.0000,232.0000,104.0000,91.2100" "confidence=0.948998961597681" 
@@TRAX:frame "file:///home/vot-workspace/sequences/car1/color/00000359.jpg" 
@@TRAX:state "251.0000,219.0000,104.0000,91.2100" "confidence=0.9635771103203297" 
@@TRAX:frame "file:///home/vot-workspace/sequences/car1/color/00000360.jpg" 
@@TRAX:state "248.0000,217.0000,104.0000,91.2100" "confidence=0.9779541995376348" 
@@TRAX:frame "file:///home/vot-workspace/sequences/car1/color/00000361.jpg" 
@@TRAX:state "242.0000,220.0000,104.0000,91.2100" "confidence=0.9730929099023342" 
@@TRAX:frame "file:///home/vot-workspace/sequences/car1/color/00000362.jpg" 
@@TRAX:state "246.0000,225.0000,104.0000,91.2100" "confidence=0.9685215651988983" 
@@TRAX:frame "file:///home/vot-workspace/sequences/car1/color/00000363.jpg" 
@@TRAX:state "260.0000,227.0000,104.0000,91.2100" "confidence=0.9640474393963814" 
@@TRAX:frame "file:///home/vot-workspace/sequences/car1/color/00000364.jpg" 
@@TRAX:state "277.0000,219.0000,104.0000,91.2100" "confidence=0.9375309161841869" 
@@TRAX:frame "file:///home/vot-workspace/sequences/car1/color/00000365.jpg" 
@@TRAX:state "290.0000,204.0000,104.0000,91.2100" "confidence=0.9404927380383015" 
@@TRAX:frame "file:///home/vot-workspace/sequences/car1/color/00000366.jpg" 
@@TRAX:state "291.0000,192.0000,104.0000,91.2100" "confidence=0.9613328538835049" 
@@TRAX:frame "file:///home/vot-workspace/sequences/car1/color/00000367.jpg" 
@@TRAX:state "286.0000,191.0000,104.0000,91.2100" "confidence=0.966139979660511" 
@@TRAX:frame "file:///home/vot-workspace/sequences/car1/color/00000368.jpg" 
@@TRAX:state "281.0000,198.0000,104.0000,91.2100" "confidence=0.9655608385801315" 
@@TRAX:frame "file:///home/vot-workspace/sequences/car1/color/00000369.jpg" 
@@TRAX:state "278.0000,206.0000,104.0000,91.2100" "confidence=0.9567198157310486" 
@@TRAX:frame "file:///home/vot-workspace/sequences/car1/color/00000370.jpg" 
@@TRAX:state "260.0000,210.0000,104.0000,91.2100" "confidence=0.9607129916548729" 
@@TRAX:frame "file:///home/vot-workspace/sequences/car1/color/00000371.jpg" 
@@TRAX:state "235.0000,202.0000,104.0000,91.2100" "confidence=0.9425546005368233" 
@@TRAX:frame "file:///home/vot-workspace/sequences/car1/color/00000372.jpg" 
@@TRAX:state "221.0000,193.0000,104.0000,91.2100" "confidence=0.9229649230837822" 
@@TRAX:frame "file:///home/vot-workspace/sequences/car1/color/00000373.jpg" 
@@TRAX:state "220.0000,196.0000,104.0000,91.2100" "confidence=0.95873137190938" 
@@TRAX:frame "file:///home/vot-workspace/sequences/car1/color/00000374.jpg" 
@@TRAX:state "223.0000,213.0000,104.0000,91.2100" "confidence=0.9108487665653229" 
@@TRAX:frame "file:///home/vot-workspace/sequences/car1/color/00000375.jpg" 
@@TRAX:state "241.0000,239.0000,104.0000,91.2100" "confidence=0.8354239165782928" 
@@TRAX:frame "file:///home/vot-workspace/sequences/car1/color/00000376.jpg" 
@@TRAX:state "215.0000,265.0000,104.0000,91.2100" "confidence=0.8134147077798843" 
@@TRAX:frame "file:///home/vot-workspace/sequences/car1/color/00000377.jpg" 
@@TRAX:state "241.0000,260.0000,104.0000,91.2100" "confidence=0.8387596011161804" 
@@TRAX:frame "file:///home/vot-workspace/sequences/car1/color/00000378.jpg" 
@@TRAX:state "267.0000,240.0000,104.0000,91.2100" "confidence=0.8541102558374405" 
@@TRAX:frame "file:///home/vot-workspace/sequences/car1/color/00000379.jpg" 
@@TRAX:state "293.0000,229.0000,104.0000,91.2100" "confidence=0.8908389359712601" 
@@TRAX:frame "file:///home/vot-workspace/sequences/car1/color/00000380.jpg" 
@@TRAX:state "295.0000,221.0000,104.0000,91.2100" "confidence=0.9598428010940552" 
@@TRAX:frame "file:///home/vot-workspace/sequences/car1/color/00000381.jpg" 
@@TRAX:state "273.0000,228.0000,104.0000,91.2100" "confidence=0.9363437443971634" 
@@TRAX:frame "file:///home/vot-workspace/sequences/car1/color/00000382.jpg" 
@@TRAX:state "247.0000,238.0000,104.0000,91.2100" "confidence=0.9495408423244953" 
@@TRAX:frame "file:///home/vot-workspace/sequences/car1/color/00000383.jpg" 
@@TRAX:state "221.0000,236.0000,104.0000,91.2100" "confidence=0.9715586956590414" 
@@TRAX:frame "file:///home/vot-workspace/sequences/car1/color/00000384.jpg" 
@@TRAX:state "240.0000,234.0000,104.0000,91.2100" "confidence=0.942803181707859" 
@@TRAX:frame "file:///home/vot-workspace/sequences/car1/color/00000385.jpg" 
@@TRAX:state "266.0000,236.0000,104.0000,91.2100" "confidence=0.9190912693738937" 
@@TRAX:frame "file:///home/vot-workspace/sequences/car1/color/00000386.jpg" 
@@TRAX:state "292.0000,235.0000,104.0000,91.2100" "confidence=0.8972184956073761" 
@@TRAX:frame "file:///home/vot-workspace/sequences/car1/color/00000387.jpg" 
@@TRAX:state "318.0000,228.0000,104.0000,91.2100" "confidence=0.9218819737434387" 
@@TRAX:frame "file:///home/vot-workspace/sequences/car1/color/00000388.jpg" 
@@TRAX:state "335.0000,228.0000,104.0000,91.2100" "confidence=0.9604353196918964" 
@@TRAX:frame "file:///home/vot-workspace/sequences/car1/color/00000389.jpg" 
@@TRAX:state "343.0000,237.0000,104.0000,91.2100" "confidence=0.9691007230430841" 
@@TRAX:frame "file:///home/vot-workspace/sequences/car1/color/00000390.jpg" 
@@TRAX:state "346.0000,236.0000,104.0000,91.2100" "confidence=0.9637201689183712" 
@@TRAX:frame "file:///home/vot-workspace/sequences/car1/color/00000391.jpg" 
@@TRAX:state "347.0000,228.0000,104.0000,91.2100" "confidence=0.9642248675227165" 
@@TRAX:frame "file:///home/vot-workspace/sequences/car1/color/00000392.jpg" 
@@TRAX:state "339.0000,229.0000,104.0000,91.2100" "confidence=0.9472855776548386" 
@@TRAX:frame "file:///home/vot-workspace/sequences/car1/color/00000393.jpg" 
@@TRAX:state "314.0000,246.0000,104.0000,91.2100" "confidence=0.9267607405781746" 
@@TRAX:frame "file:///home/vot-workspace/sequences/car1/color/00000394.jpg" 
@@TRAX:state "292.0000,261.0000,104.0000,91.2100" "confidence=0.9611120596528053" 
@@TRAX:frame "file:///home/vot-workspace/sequences/car1/color/00000395.jpg" 
@@TRAX:state "293.0000,252.0000,104.0000,91.2100" "confidence=0.9419877007603645" 
@@TRAX:frame "file:///home/vot-workspace/sequences/car1/color/00000396.jpg" 
@@TRAX:state "303.0000,241.0000,104.0000,91.2100" "confidence=0.9539533406496048" 
@@TRAX:frame "file:///home/vot-workspace/sequences/car1/color/00000397.jpg" 
@@TRAX:state "312.0000,239.0000,104.0000,91.2100" "confidence=0.9575823061168194" 
@@TRAX:frame "file:///home/vot-workspace/sequences/car1/color/00000398.jpg" 
@@TRAX:state "323.0000,247.0000,104.0000,91.2100" "confidence=0.9377366341650486" 
@@TRAX:frame "file:///home/vot-workspace/sequences/car1/color/00000399.jpg" 
@@TRAX:state "342.0000,258.0000,104.0000,91.2100" "confidence=0.951883178204298" 
@@TRAX:frame "file:///home/vot-workspace/sequences/car1/color/00000400.jpg" 
@@TRAX:state "354.0000,246.0000,104.0000,91.2100" "confidence=0.9282038509845734" 
@@TRAX:frame "file:///home/vot-workspace/sequences/car1/color/00000401.jpg" 
@@TRAX:state "338.0000,222.0000,104.0000,91.2100" "confidence=0.9045411571860313" 
@@TRAX:frame "file:///home/vot-workspace/sequences/car1/color/00000402.jpg" 
@@TRAX:state "313.0000,196.0000,104.0000,91.2100" "confidence=0.8713841140270233" 
@@TRAX:frame "file:///home/vot-workspace/sequences/car1/color/00000403.jpg" 
@@TRAX:state "329.0000,180.0000,104.0000,91.2100" "confidence=0.8335113972425461" 
@@TRAX:frame "file:///home/vot-workspace/sequences/car1/color/00000404.jpg" 
@@TRAX:state "303.0000,168.0000,104.0000,91.2100" "confidence=0.8646625876426697" 
@@TRAX:frame "file:///home/vot-workspace/sequences/car1/color/00000405.jpg" 
@@TRAX:state "279.0000,186.0000,104.0000,91.2100" "confidence=0.926474004983902" 
@@TRAX:frame "file:///home/vot-workspace/sequences/car1/color/00000406.jpg" 
@@TRAX:state "270.0000,207.0000,104.0000,91.2100" "confidence=0.9193398952484131" 
@@TRAX:frame "file:///home/vot-workspace/sequences/car1/color/00000407.jpg" 
@@TRAX:state "245.0000,228.0000,104.0000,91.2100" "confidence=0.9237560108304024" 
@@TRAX:frame "file:///home/vot-workspace/sequences/car1/color/00000408.jpg" 
@@TRAX:state "223.0000,238.0000,104.0000,91.2100" "confidence=0.9490411132574081" 
@@TRAX:frame "file:///home/vot-workspace/sequences/car1/color/00000409.jpg" 
@@TRAX:state "215.0000,241.0000,104.0000,91.2100" "confidence=0.9513872303068638" 
@@TRAX:frame "file:///home/vot-workspace/sequences/car1/color/00000410.jpg" 
@@TRAX:state "216.0000,243.0000,104.0000,91.2100" "confidence=0.9536318816244602" 
@@TRAX:frame "file:///home/vot-workspace/sequences/car1/color/00000411.jpg" 
@@TRAX:state "225.0000,245.0000,104.0000,91.2100" "confidence=0.943013146519661" 
@@TRAX:frame "file:///home/vot-workspace/sequences/car1/color/00000412.jpg" 
@@TRAX:state "242.0000,236.0000,104.0000,91.2100" "confidence=0.9205032214522362" 
@@TRAX:frame "file:///home/vot-workspace/sequences/car1/color/00000413.jpg" 
@@TRAX:state "247.0000,210.0000,104.0000,91.2100" "confidence=0.8997403532266617" 
@@TRAX:frame "file:///home/vot-workspace/sequences/car1/color/00000414.jpg" 
@@TRAX:state "237.0000,184.0000,104.0000,91.2100" "confidence=0.8899497389793396" 
@@TRAX:frame "file:///home/vot-workspace/sequences/car1/color/00000415.jpg" 
@@TRAX:state "230.0000,170.0000,104.0000,91.2100" "confidence=0.940507460385561" 
@@TRAX:frame "file:///home/vot-workspace/sequences/car1/color/00000416.jpg" 
@@TRAX:state "225.0000,175.0000,104.0000,91.2100" "confidence=0.9425680264830589" 
@@TRAX:frame "file:///home/vot-workspace/sequences/car1/color/00000417.jpg" 
@@TRAX:state "209.0000,189.0000,104.0000,91.2100" "confidence=0.9276605248451233" 
@@TRAX:frame "file:///home/vot-workspace/sequences/car1/color/00000418.jpg" 
@@TRAX:state "190.0000,204.0000,104.0000,91.2100" "confidence=0.9462551176548004" 
@@TRAX:frame "file:///home/vot-workspace/sequences/car1/color/00000419.jpg" 
@@TRAX:state "184.0000,206.0000,104.0000,91.2100" "confidence=0.9399955235421658" 
@@TRAX:frame "file:///home/vot-workspace/sequences/car1/color/00000420.jpg" 
@@TRAX:state "181.0000,209.0000,104.0000,91.2100" "confidence=0.9428539201617241" 
@@TRAX:frame "file:///home/vot-workspace/sequences/car1/color/00000421.jpg" 
@@TRAX:state "175.0000,223.0000,104.0000,91.2100" "confidence=0.936212994158268" 
@@TRAX:frame "file:///home/vot-workspace/sequences/car1/color/00000422.jpg" 
@@TRAX:state "178.0000,233.0000,104.0000,91.2100" "confidence=0.9459642469882965" 
@@TRAX:frame "file:///home/vot-workspace/sequences/car1/color/00000423.jpg" 
@@TRAX:state "199.0000,233.0000,104.0000,91.2100" "confidence=0.9342814311385155" 
@@TRAX:frame "file:///home/vot-workspace/sequences/car1/color/00000424.jpg" 
@@TRAX:state "225.0000,229.0000,104.0000,91.2100" "confidence=0.9279419258236885" 
@@TRAX:frame "file:///home/vot-workspace/sequences/car1/color/00000425.jpg" 
@@TRAX:state "251.0000,220.0000,104.0000,91.2100" "confidence=0.904159389436245" 
@@TRAX:frame "file:///home/vot-workspace/sequences/car1/color/00000426.jpg" 
@@TRAX:state "277.0000,214.0000,104.0000,91.2100" "confidence=0.8967513740062714" 
@@TRAX:frame "file:///home/vot-workspace/sequences/car1/color/00000427.jpg" 
@@TRAX:state "303.0000,220.0000,104.0000,91.2100" "confidence=0.9359733089804649" 
@@TRAX:frame "file:///home/vot-workspace/sequences/car1/color/00000428.jpg" 
@@TRAX:state "307.0000,235.0000,104.0000,91.2100" "confidence=0.9315428361296654" 
@@TRAX:frame "file:///home/vot-workspace/sequences/car1/color/00000429.jpg" 
@@TRAX:state "282.0000,244.0000,104.0000,91.2100" "confidence=0.9269246160984039" 
@@TRAX:frame "file:///home/vot-workspace/sequences/car1/color/00000430.jpg" 
@@TRAX:state "256.0000,234.0000,104.0000,91.2100" "confidence=0.875378392636776" 
@@TRAX:frame "file:///home/vot-workspace/sequences/car1/color/00000431.jpg" 
@@TRAX:state "230.0000,215.0000,104.0000,91.2100" "confidence=0.864701971411705" 
@@TRAX:frame "file:///home/vot-workspace/sequences/car1/color/00000432.jpg" 
@@TRAX:state "204.0000,214.0000,104.0000,91.2100" "confidence=0.8661831021308899" 
@@TRAX:frame "file:///home/vot-workspace/sequences/car1/color/00000433.jpg" 
@@TRAX:state "178.0000,224.0000,104.0000,91.2100" "confidence=0.9256602302193642" 
@@TRAX:frame "file:///home/vot-workspace/sequences/car1/color/00000434.jpg" 
@@TRAX:state "203.0000,228.0000,104.0000,91.2100" "confidence=0.9245906844735146" 
@@TRAX:frame "file:///home/vot-workspace/sequences/car1/color/00000435.jpg" 
@@TRAX:state "229.0000,214.0000,104.0000,91.2100" "confidence=0.9202200174331665" 
@@TRAX:frame "file:///home/vot-workspace/sequences/car1/color/00000436.jpg" 
@@TRAX:state "241.0000,197.0000,104.0000,91.2100" "confidence=0.9354109615087509" 
@@TRAX:frame "file:///home/vot-workspace/sequences/car1/color/00000437.jpg" 
@@TRAX:state "258.0000,191.0000,104.0000,91.2100" "confidence=0.918293870985508" 
@@TRAX:frame "file:///home/vot-workspace/sequences/car1/color/00000438.jpg" 
@@TRAX:state "284.0000,195.0000,104.0000,91.2100" "confidence=0.9182191863656044" 
@@TRAX:frame "file:///home/vot-workspace/sequences/car1/color/00000439.jpg" 
@@TRAX:state "310.0000,201.0000,104.0000,91.2100" "confidence=0.9175392761826515" 
@@TRAX:frame "file:///home/vot-workspace/sequences/car1/color/00000440.jpg" 
@@TRAX:state "329.0000,205.0000,104.0000,91.2100" "confidence=0.9158147424459457" 
@@TRAX:frame "file:///home/vot-workspace/sequences/car1/color/00000441.jpg" 
@@TRAX:state "322.0000,203.0000,104.0000,91.2100" "confidence=0.9294524937868118" 
@@TRAX:frame "file:///home/vot-workspace/sequences/car1/color/00000442.jpg" 
@@TRAX:state "297.0000,196.0000,104.0000,91.2100" "confidence=0.9184994995594025" 
@@TRAX:frame "file:///home/vot-workspace/sequences/car1/color/00000443.jpg" 
@@TRAX:state "271.0000,185.0000,104.0000,91.2100" "confidence=0.8876559436321259" 
@@TRAX:frame "file:///home/vot-workspace/sequences/car1/color/00000444.jpg" 
@@TRAX:state "245.0000,159.0000,104.0000,91.2100" "confidence=0.872370257973671" 
@@TRAX:frame "file:///home/vot-workspace/sequences/car1/color/00000445.jpg" 
@@TRAX:state "245.0000,144.0000,104.0000,91.2100" "confidence=0.9277646988630295" 
@@TRAX:frame "file:///home/vot-workspace/sequences/car1/color/00000446.jpg" 
@@TRAX:state "271.0000,139.0000,104.0000,91.2100" "confidence=0.9276202321052551" 
@@TRAX:frame "file:///home/vot-workspace/sequences/car1/color/00000447.jpg" 
@@TRAX:state "291.0000,126.0000,104.0000,91.2100" "confidence=0.9279269129037857" 
@@TRAX:frame "file:///home/vot-workspace/sequences/car1/color/00000448.jpg" 
@@TRAX:state "296.0000,117.0000,104.0000,91.2100" "confidence=0.9233300313353539" 
@@TRAX:frame "file:///home/vot-workspace/sequences/car1/color/00000449.jpg" 
@@TRAX:state "300.0000,124.0000,104.0000,91.2100" "confidence=0.9181570187211037" 
@@TRAX:frame "file:///home/vot-workspace/sequences/car1/color/00000450.jpg" 
@@TRAX:state "300.0000,150.0000,104.0000,91.2100" "confidence=0.894241526722908" 
@@TRAX:frame "file:///home/vot-workspace/sequences/car1/color/00000451.jpg" 
@@TRAX:state "299.0000,176.0000,104.0000,91.2100" "confidence=0.8507732599973679" 
@@TRAX:frame "file:///home/vot-workspace/sequences/car1/color/00000452.jpg" 
@@TRAX:state "291.0000,196.0000,104.0000,91.2100" "confidence=0.7848756462335587" 
@@TRAX:frame "file:///home/vot-workspace/sequences/car1/color/00000453.jpg" 
@@TRAX:state "303.0000,222.0000,104.0000,91.2100" "confidence=0.8828377276659012" 
@@TRAX:frame "file:///home/vot-workspace/sequences/car1/color/00000454.jpg" 
@@TRAX:state "298.0000,212.0000,104.0000,91.2100" "confidence=0.9248425588011742" 
@@TRAX:frame "file:///home/vot-workspace/sequences/car1/color/00000455.jpg" 
@@TRAX:state "291.0000,200.0000,104.0000,91.2100" "confidence=0.9316073432564735" 
@@TRAX:frame "file:///home/vot-workspace/sequences/car1/color/00000456.jpg" 
@@TRAX:state "287.0000,189.0000,104.0000,91.2100" "confidence=0.9253027588129044" 
@@TRAX:frame "file:///home/vot-workspace/sequences/car1/color/00000457.jpg" 
@@TRAX:state "286.0000,171.0000,104.0000,91.2100" "confidence=0.909202940762043" 
@@TRAX:frame "file:///home/vot-workspace/sequences/car1/color/00000458.jpg" 
@@TRAX:state "285.0000,145.0000,104.0000,91.2100" "confidence=0.8900969102978706" 
@@TRAX:frame "file:///home/vot-workspace/sequences/car1/color/00000459.jpg" 
@@TRAX:state "279.0000,169.0000,104.0000,91.2100" "confidence=0.8717728853225708" 
@@TRAX:frame "file:///home/vot-workspace/sequences/car1/color/00000460.jpg" 
@@TRAX:state "293.0000,160.0000,104.0000,91.2100" "confidence=0.8689420521259308" 
@@TRAX:frame "file:///home/vot-workspace/sequences/car1/color/00000461.jpg" 
@@TRAX:state "314.0000,171.0000,104.0000,91.2100" "confidence=0.8721128851175308" 
@@TRAX:frame "file:///home/vot-workspace/sequences/car1/color/00000462.jpg" 
@@TRAX:state "329.0000,145.0000,104.0000,91.2100" "confidence=0.8805100917816162" 
@@TRAX:frame "file:///home/vot-workspace/sequences/car1/color/00000463.jpg" 
@@TRAX:state "318.0000,166.0000,104.0000,91.2100" "confidence=0.9094244316220284" 
@@TRAX:frame "file:///home/vot-workspace/sequences/car1/color/00000464.jpg" 
@@TRAX:state "301.0000,181.0000,104.0000,91.2100" "confidence=0.9169841930270195" 
@@TRAX:frame "file:///home/vot-workspace/sequences/car1/color/00000465.jpg" 
@@TRAX:state "287.0000,199.0000,104.0000,91.2100" "confidence=0.917420968413353" 
@@TRAX:frame "file:///home/vot-workspace/sequences/car1/color/00000466.jpg" 
@@TRAX:state "276.0000,214.0000,104.0000,91.2100" "confidence=0.922651082277298" 
@@TRAX:frame "file:///home/vot-workspace/sequences/car1/color/00000467.jpg" 
@@TRAX:state "268.0000,225.0000,104.0000,91.2100" "confidence=0.9239067137241364" 
@@TRAX:frame "file:///home/vot-workspace/sequences/car1/color/00000468.jpg" 
@@TRAX:state "263.0000,230.0000,104.0000,91.2100" "confidence=0.9188152104616165" 
@@TRAX:frame "file:///home/vot-workspace/sequences/car1/color/00000469.jpg" 
@@TRAX:state "266.0000,233.0000,104.0000,91.2100" "confidence=0.9131288453936577" 
@@TRAX:frame "file:///home/vot-workspace/sequences/car1/color/00000470.jpg" 
@@TRAX:state "276.0000,232.0000,104.0000,91.2100" "confidence=0.9232931882143021" 
@@TRAX:frame "file:///home/vot-workspace/sequences/car1/color/00000471.jpg" 
@@TRAX:state "284.0000,220.0000,104.0000,91.2100" "confidence=0.9255199208855629" 
@@TRAX:frame "file:///home/vot-workspace/sequences/car1/color/00000472.jpg" 
@@TRAX:state "290.0000,208.0000,104.0000,91.2100" "confidence=0.9228145703673363" 
@@TRAX:frame "file:///home/vot-workspace/sequences/car1/color/00000473.jpg" 
@@TRAX:state "303.0000,193.0000,104.0000,91.2100" "confidence=0.9205598831176758" 
@@TRAX:frame "file:///home/vot-workspace/sequences/car1/color/00000474.jpg" 
@@TRAX:state "309.0000,186.0000,104.0000,91.2100" "confidence=0.899157926440239" 
@@TRAX:frame "file:///home/vot-workspace/sequences/car1/color/00000475.jpg" 
@@TRAX:state "315.0000,188.0000,104.0000,91.2100" "confidence=0.9108475744724274" 
@@TRAX:frame "file:///home/vot-workspace/sequences/car1/color/00000476.jpg" 
@@TRAX:state "326.0000,196.0000,104.0000,91.2100" "confidence=0.9244450032711029" 
@@TRAX:frame "file:///home/vot-workspace/sequences/car1/color/00000477.jpg" 
@@TRAX:state "328.0000,214.0000,104.0000,91.2100" "confidence=0.9174295738339424" 
@@TRAX:frame "file:///home/vot-workspace/sequences/car1/color/00000478.jpg" 
@@TRAX:state "316.0000,232.0000,104.0000,91.2100" "confidence=0.9154419153928757" 
@@TRAX:frame "file:///home/vot-workspace/sequences/car1/color/00000479.jpg" 
@@TRAX:state "295.0000,249.0000,104.0000,91.2100" "confidence=0.9148735925555229" 
@@TRAX:frame "file:///home/vot-workspace/sequences/car1/color/00000480.jpg" 
@@TRAX:state "270.0000,260.0000,104.0000,91.2100" "confidence=0.9049256891012192" 
@@TRAX:frame "file:///home/vot-workspace/sequences/car1/color/00000481.jpg" 
@@TRAX:state "258.0000,258.0000,104.0000,91.2100" "confidence=0.9055938050150871" 
@@TRAX:frame "file:///home/vot-workspace/sequences/car1/color/00000482.jpg" 
@@TRAX:state "253.0000,255.0000,104.0000,91.2100" "confidence=0.919415295124054" 
@@TRAX:frame "file:///home/vot-workspace/sequences/car1/color/00000483.jpg" 
@@TRAX:state "238.0000,232.0000,104.0000,91.2100" "confidence=0.8890863433480263" 
@@TRAX:frame "file:///home/vot-workspace/sequences/car1/color/00000484.jpg" 
@@TRAX:state "228.0000,206.0000,104.0000,91.2100" "confidence=0.868827611207962" 
@@TRAX:frame "file:///home/vot-workspace/sequences/car1/color/00000485.jpg" 
@@TRAX:state "254.0000,180.0000,104.0000,91.2100" "confidence=0.8916289955377579" 
@@TRAX:frame "file:///home/vot-workspace/sequences/car1/color/00000486.jpg" 
@@TRAX:state "275.0000,172.0000,104.0000,91.2100" "confidence=0.8989729434251785" 
@@TRAX:frame "file:///home/vot-workspace/sequences/car1/color/00000487.jpg" 
@@TRAX:state "288.0000,177.0000,104.0000,91.2100" "confidence=0.918551854789257" 
@@TRAX:frame "file:///home/vot-workspace/sequences/car1/color/00000488.jpg" 
@@TRAX:state "302.0000,192.0000,104.0000,91.2100" "confidence=0.912748284637928" 
@@TRAX:frame "file:///home/vot-workspace/sequences/car1/color/00000489.jpg" 
@@TRAX:state "319.0000,209.0000,104.0000,91.2100" "confidence=0.9119404032826424" 
@@TRAX:frame "file:///home/vot-workspace/sequences/car1/color/00000490.jpg" 
@@TRAX:state "333.0000,229.0000,104.0000,91.2100" "confidence=0.9062297344207764" 
@@TRAX:frame "file:///home/vot-workspace/sequences/car1/color/00000491.jpg" 
@@TRAX:state "340.0000,252.0000,104.0000,91.2100" "confidence=0.9187993258237839" 
@@TRAX:frame "file:///home/vot-workspace/sequences/car1/color/00000492.jpg" 
@@TRAX:state "337.0000,261.0000,104.0000,91.2100" "confidence=0.910366378724575" 
@@TRAX:frame "file:///home/vot-workspace/sequences/car1/color/00000493.jpg" 
@@TRAX:state "323.0000,262.0000,104.0000,91.2100" "confidence=0.9004324898123741" 
@@TRAX:frame "file:///home/vot-workspace/sequences/car1/color/00000494.jpg" 
@@TRAX:state "297.0000,266.0000,104.0000,91.2100" "confidence=0.8945076316595078" 
@@TRAX:frame "file:///home/vot-workspace/sequences/car1/color/00000495.jpg" 
@@TRAX:state "271.0000,267.0000,104.0000,91.2100" "confidence=0.8471286296844482" 
@@TRAX:frame "file:///home/vot-workspace/sequences/car1/color/00000496.jpg" 
@@TRAX:state "245.0000,266.0000,104.0000,91.2100" "confidence=0.8452835530042648" 
@@TRAX:frame "file:///home/vot-workspace/sequences/car1/color/00000497.jpg" 
@@TRAX:state "219.0000,245.0000,104.0000,91.2100" "confidence=0.8792079538106918" 
@@TRAX:frame "file:///home/vot-workspace/sequences/car1/color/00000498.jpg" 
@@TRAX:state "217.0000,222.0000,104.0000,91.2100" "confidence=0.8977783769369125" 
@@TRAX:frame "file:///home/vot-workspace/sequences/car1/color/00000499.jpg" 
@@TRAX:state "219.0000,196.0000,104.0000,91.2100" "confidence=0.9145247414708138" 
@@TRAX:frame "file:///home/vot-workspace/sequences/car1/color/00000500.jpg" 
@@TRAX:state "232.0000,185.0000,104.0000,91.2100" "confidence=0.9119240492582321" 
@@TRAX:frame "file:///home/vot-workspace/sequences/car1/color/00000501.jpg" 
@@TRAX:state "258.0000,180.0000,104.0000,91.2100" "confidence=0.8902704790234566" 
@@TRAX:frame "file:///home/vot-workspace/sequences/car1/color/00000502.jpg" 
@@TRAX:state "284.0000,180.0000,104.0000,91.2100" "confidence=0.8863174244761467" 
@@TRAX:frame "file:///home/vot-workspace/sequences/car1/color/00000503.jpg" 
@@TRAX:state "305.0000,182.0000,104.0000,91.2100" "confidence=0.8992211297154427" 
@@TRAX:frame "file:///home/vot-workspace/sequences/car1/color/00000504.jpg" 
@@TRAX:state "310.0000,189.0000,104.0000,91.2100" "confidence=0.9220880791544914" 
@@TRAX:frame "file:///home/vot-workspace/sequences/car1/color/00000505.jpg" 
@@TRAX:state "316.0000,199.0000,104.0000,91.2100" "confidence=0.9207191243767738" 
@@TRAX:frame "file:///home/vot-workspace/sequences/car1/color/00000506.jpg" 
@@TRAX:state "321.0000,215.0000,104.0000,91.2100" "confidence=0.9179978147149086" 
@@TRAX:frame "file:///home/vot-workspace/sequences/car1/color/00000507.jpg" 
@@TRAX:state "311.0000,229.0000,104.0000,91.2100" "confidence=0.9107347801327705" 
@@TRAX:frame "file:///home/vot-workspace/sequences/car1/color/00000508.jpg" 
@@TRAX:state "285.0000,230.0000,104.0000,91.2100" "confidence=0.8767280504107475" 
@@TRAX:frame "file:///home/vot-workspace/sequences/car1/color/00000509.jpg" 
@@TRAX:state "259.0000,228.0000,104.0000,91.2100" "confidence=0.836464136838913" 
@@TRAX:frame "file:///home/vot-workspace/sequences/car1/color/00000510.jpg" 
@@TRAX:state "233.0000,227.0000,104.0000,91.2100" "confidence=0.8195847570896149" 
@@TRAX:frame "file:///home/vot-workspace/sequences/car1/color/00000511.jpg" 
@@TRAX:state "207.0000,225.0000,104.0000,91.2100" "confidence=0.8138042986392975" 
@@TRAX:frame "file:///home/vot-workspace/sequences/car1/color/00000512.jpg" 
@@TRAX:state "190.0000,226.0000,104.0000,91.2100" "confidence=0.8874109759926796" 
@@TRAX:frame "file:///home/vot-workspace/sequences/car1/color/00000513.jpg" 
@@TRAX:state "216.0000,228.0000,104.0000,91.2100" "confidence=0.8774622902274132" 
@@TRAX:frame "file:///home/vot-workspace/sequences/car1/color/00000514.jpg" 
@@TRAX:state "242.0000,226.0000,104.0000,91.2100" "confidence=0.9024544209241867" 
@@TRAX:frame "file:///home/vot-workspace/sequences/car1/color/00000515.jpg" 
@@TRAX:state "251.0000,222.0000,104.0000,91.2100" "confidence=0.8996300101280212" 
@@TRAX:frame "file:///home/vot-workspace/sequences/car1/color/00000516.jpg" 
@@TRAX:state "277.0000,222.0000,104.0000,91.2100" "confidence=0.8865052461624146" 
@@TRAX:frame "file:///home/vot-workspace/sequences/car1/color/00000517.jpg" 
@@TRAX:state "303.0000,218.0000,104.0000,91.2100" "confidence=0.849217027425766" 
@@TRAX:frame "file:///home/vot-workspace/sequences/car1/color/00000518.jpg" 
@@TRAX:state "329.0000,206.0000,104.0000,91.2100" "confidence=0.8399966955184937" 
@@TRAX:frame "file:///home/vot-workspace/sequences/car1/color/00000519.jpg" 
@@TRAX:state "342.0000,199.0000,104.0000,91.2100" "confidence=0.8871635273098946" 
@@TRAX:frame "file:///home/vot-workspace/sequences/car1/color/00000520.jpg" 
@@TRAX:state "316.0000,203.0000,104.0000,91.2100" "confidence=0.8551936149597168" 
@@TRAX:frame "file:///home/vot-workspace/sequences/car1/color/00000521.jpg" 
@@TRAX:state "342.0000,229.0000,104.0000,91.2100" "confidence=0.8054639995098114" 
@@TRAX:quit 
@@TRAX:hello "trax.name=" "trax.family=" "trax.image=path;" "trax.region=rectangle;" "trax.description=" "trax.version=3" "vot=python" "trax.channels=color;" 
@@TRAX:initialize "file:///home/vot-workspace/sequences/car1/color/00000526.jpg" "218.2300,158.1500,95.9800,86.9800" 
@@TRAX:state "218.2300,158.1500,95.9800,86.9800" 
@@TRAX:frame "file:///home/vot-workspace/sequences/car1/color/00000527.jpg" 
QFontDatabase: Cannot find font directory /usr/local/lib/python3.9/site-packages/cv2/qt/fonts.
Note that Qt no longer ships fonts. Deploy some (from https://dejavu-fonts.github.io/ for example) or switch to fontconfig.
QFontDatabase: Cannot find font directory /usr/local/lib/python3.9/site-packages/cv2/qt/fonts.
Note that Qt no longer ships fonts. Deploy some (from https://dejavu-fonts.github.io/ for example) or switch to fontconfig.
QFontDatabase: Cannot find font directory /usr/local/lib/python3.9/site-packages/cv2/qt/fonts.
Note that Qt no longer ships fonts. Deploy some (from https://dejavu-fonts.github.io/ for example) or switch to fontconfig.
QFontDatabase: Cannot find font directory /usr/local/lib/python3.9/site-packages/cv2/qt/fonts.
Note that Qt no longer ships fonts. Deploy some (from https://dejavu-fonts.github.io/ for example) or switch to fontconfig.
QFontDatabase: Cannot find font directory /usr/local/lib/python3.9/site-packages/cv2/qt/fonts.
Note that Qt no longer ships fonts. Deploy some (from https://dejavu-fonts.github.io/ for example) or switch to fontconfig.
@@TRAX:state "218.0000,167.0000,95.9800,86.9800" "confidence=0.9393182620406151" 
@@TRAX:frame "file:///home/vot-workspace/sequences/car1/color/00000528.jpg" 
@@TRAX:state "229.0000,192.0000,95.9800,86.9800" "confidence=0.9061161503195763" 
@@TRAX:frame "file:///home/vot-workspace/sequences/car1/color/00000529.jpg" 
@@TRAX:state "237.0000,217.0000,95.9800,86.9800" "confidence=0.8705031871795654" 
@@TRAX:frame "file:///home/vot-workspace/sequences/car1/color/00000530.jpg" 
@@TRAX:state "234.0000,242.0000,95.9800,86.9800" "confidence=0.9150824844837189" 
@@TRAX:frame "file:///home/vot-workspace/sequences/car1/color/00000531.jpg" 
@@TRAX:state "239.0000,262.0000,95.9800,86.9800" "confidence=0.9585050754249096" 
@@TRAX:frame "file:///home/vot-workspace/sequences/car1/color/00000532.jpg" 
@@TRAX:state "247.0000,267.0000,95.9800,86.9800" "confidence=0.9755006041377783" 
@@TRAX:frame "file:///home/vot-workspace/sequences/car1/color/00000533.jpg" 
@@TRAX:state "235.0000,256.0000,95.9800,86.9800" "confidence=0.9447179473936558" 
@@TRAX:frame "file:///home/vot-workspace/sequences/car1/color/00000534.jpg" 
@@TRAX:state "218.0000,253.0000,95.9800,86.9800" "confidence=0.9781438894569874" 
@@TRAX:frame "file:///home/vot-workspace/sequences/car1/color/00000535.jpg" 
@@TRAX:state "221.0000,267.0000,95.9800,86.9800" "confidence=0.9243929758667946" 
@@TRAX:frame "file:///home/vot-workspace/sequences/car1/color/00000536.jpg" 
@@TRAX:state "246.0000,285.0000,95.9800,86.9800" "confidence=0.9357087835669518" 
@@TRAX:frame "file:///home/vot-workspace/sequences/car1/color/00000537.jpg" 
@@TRAX:state "271.0000,286.0000,95.9800,86.9800" "confidence=0.9645769149065018" 
@@TRAX:frame "file:///home/vot-workspace/sequences/car1/color/00000538.jpg" 
@@TRAX:state "271.0000,273.0000,95.9800,86.9800" "confidence=0.9375293739140034" 
@@TRAX:frame "file:///home/vot-workspace/sequences/car1/color/00000539.jpg" 
@@TRAX:state "270.0000,252.0000,95.9800,86.9800" "confidence=0.913160152733326" 
@@TRAX:frame "file:///home/vot-workspace/sequences/car1/color/00000540.jpg" 
@@TRAX:state "279.0000,226.0000,95.9800,86.9800" "confidence=0.8659538626670837" 
@@TRAX:frame "file:///home/vot-workspace/sequences/car1/color/00000541.jpg" 
@@TRAX:state "262.0000,251.0000,95.9800,86.9800" "confidence=0.8712394386529922" 
@@TRAX:quit 
@@TRAX:hello "trax.name=" "trax.family=" "trax.image=path;" "trax.region=rectangle;" "trax.description=" "trax.version=3" "vot=python" "trax.channels=color;" 
@@TRAX:initialize "file:///home/vot-workspace/sequences/car1/color/00000546.jpg" "224.1700,256.5300,98.6200,75.0800" 
@@TRAX:state "224.1700,256.5300,98.6200,75.0800" 
@@TRAX:frame "file:///home/vot-workspace/sequences/car1/color/00000547.jpg" 
QFontDatabase: Cannot find font directory /usr/local/lib/python3.9/site-packages/cv2/qt/fonts.
Note that Qt no longer ships fonts. Deploy some (from https://dejavu-fonts.github.io/ for example) or switch to fontconfig.
QFontDatabase: Cannot find font directory /usr/local/lib/python3.9/site-packages/cv2/qt/fonts.
Note that Qt no longer ships fonts. Deploy some (from https://dejavu-fonts.github.io/ for example) or switch to fontconfig.
QFontDatabase: Cannot find font directory /usr/local/lib/python3.9/site-packages/cv2/qt/fonts.
Note that Qt no longer ships fonts. Deploy some (from https://dejavu-fonts.github.io/ for example) or switch to fontconfig.
QFontDatabase: Cannot find font directory /usr/local/lib/python3.9/site-packages/cv2/qt/fonts.
Note that Qt no longer ships fonts. Deploy some (from https://dejavu-fonts.github.io/ for example) or switch to fontconfig.
QFontDatabase: Cannot find font directory /usr/local/lib/python3.9/site-packages/cv2/qt/fonts.
Note that Qt no longer ships fonts. Deploy some (from https://dejavu-fonts.github.io/ for example) or switch to fontconfig.
@@TRAX:state "232.0000,265.0000,98.6200,75.0800" "confidence=0.9474808797240257" 
@@TRAX:frame "file:///home/vot-workspace/sequences/car1/color/00000548.jpg" 
@@TRAX:state "242.0000,258.0000,98.6200,75.0800" "confidence=0.978484284132719" 
@@TRAX:frame "file:///home/vot-workspace/sequences/car1/color/00000549.jpg" 
@@TRAX:state "245.0000,244.0000,98.6200,75.0800" "confidence=0.9841870721429586" 
@@TRAX:frame "file:///home/vot-workspace/sequences/car1/color/00000550.jpg" 
@@TRAX:state "244.0000,237.0000,98.6200,75.0800" "confidence=0.9558896869421005" 
@@TRAX:frame "file:///home/vot-workspace/sequences/car1/color/00000551.jpg" 
@@TRAX:state "257.0000,234.0000,98.6200,75.0800" "confidence=0.9489698149263859" 
@@TRAX:frame "file:///home/vot-workspace/sequences/car1/color/00000552.jpg" 
@@TRAX:state "281.0000,224.0000,98.6200,75.0800" "confidence=0.9730125721544027" 
@@TRAX:frame "file:///home/vot-workspace/sequences/car1/color/00000553.jpg" 
@@TRAX:state "279.0000,211.0000,98.6200,75.0800" "confidence=0.9828603584319353" 
@@TRAX:frame "file:///home/vot-workspace/sequences/car1/color/00000554.jpg" 
@@TRAX:state "268.0000,199.0000,98.6200,75.0800" "confidence=0.9849088666960597" 
@@TRAX:frame "file:///home/vot-workspace/sequences/car1/color/00000555.jpg" 
@@TRAX:state "278.0000,189.0000,98.6200,75.0800" "confidence=0.9553550221025944" 
@@TRAX:frame "file:///home/vot-workspace/sequences/car1/color/00000556.jpg" 
@@TRAX:state "292.0000,189.0000,98.6200,75.0800" "confidence=0.9708348736166954" 
@@TRAX:frame "file:///home/vot-workspace/sequences/car1/color/00000557.jpg" 
@@TRAX:state "296.0000,208.0000,98.6200,75.0800" "confidence=0.9661554619669914" 
@@TRAX:frame "file:///home/vot-workspace/sequences/car1/color/00000558.jpg" 
@@TRAX:state "284.0000,234.0000,98.6200,75.0800" "confidence=0.9451274313032627" 
@@TRAX:frame "file:///home/vot-workspace/sequences/car1/color/00000559.jpg" 
@@TRAX:state "271.0000,260.0000,98.6200,75.0800" "confidence=0.9740411043167114" 
@@TRAX:frame "file:///home/vot-workspace/sequences/car1/color/00000560.jpg" 
@@TRAX:state "282.0000,272.0000,98.6200,75.0800" "confidence=0.941340759396553" 
@@TRAX:frame "file:///home/vot-workspace/sequences/car1/color/00000561.jpg" 
@@TRAX:state "287.0000,265.0000,98.6200,75.0800" "confidence=0.9853127663955092" 
@@TRAX:frame "file:///home/vot-workspace/sequences/car1/color/00000562.jpg" 
@@TRAX:state "275.0000,251.0000,98.6200,75.0800" "confidence=0.977086991071701" 
@@TRAX:frame "file:///home/vot-workspace/sequences/car1/color/00000563.jpg" 
@@TRAX:state "269.0000,245.0000,98.6200,75.0800" "confidence=0.934744767844677" 
@@TRAX:frame "file:///home/vot-workspace/sequences/car1/color/00000564.jpg" 
@@TRAX:state "272.0000,247.0000,98.6200,75.0800" "confidence=0.93398517370224" 
@@TRAX:frame "file:///home/vot-workspace/sequences/car1/color/00000565.jpg" 
@@TRAX:state "273.0000,244.0000,98.6200,75.0800" "confidence=0.9605297297239304" 
@@TRAX:frame "file:///home/vot-workspace/sequences/car1/color/00000566.jpg" 
@@TRAX:state "265.0000,236.0000,98.6200,75.0800" "confidence=0.9742769189178944" 
@@TRAX:frame "file:///home/vot-workspace/sequences/car1/color/00000567.jpg" 
@@TRAX:state "258.0000,228.0000,98.6200,75.0800" "confidence=0.9541350118815899" 
@@TRAX:frame "file:///home/vot-workspace/sequences/car1/color/00000568.jpg" 
@@TRAX:state "254.0000,229.0000,98.6200,75.0800" "confidence=0.9569605253636837" 
@@TRAX:frame "file:///home/vot-workspace/sequences/car1/color/00000569.jpg" 
@@TRAX:state "249.0000,235.0000,98.6200,75.0800" "confidence=0.9523245990276337" 
@@TRAX:frame "file:///home/vot-workspace/sequences/car1/color/00000570.jpg" 
@@TRAX:state "238.0000,237.0000,98.6200,75.0800" "confidence=0.9400408528745174" 
@@TRAX:frame "file:///home/vot-workspace/sequences/car1/color/00000571.jpg" 
@@TRAX:state "236.0000,233.0000,98.6200,75.0800" "confidence=0.955741111189127" 
@@TRAX:frame "file:///home/vot-workspace/sequences/car1/color/00000572.jpg" 
@@TRAX:state "262.0000,228.0000,98.6200,75.0800" "confidence=0.9337573796510696" 
@@TRAX:frame "file:///home/vot-workspace/sequences/car1/color/00000573.jpg" 
@@TRAX:state "286.0000,230.0000,98.6200,75.0800" "confidence=0.9663689211010933" 
@@TRAX:frame "file:///home/vot-workspace/sequences/car1/color/00000574.jpg" 
@@TRAX:state "275.0000,241.0000,98.6200,75.0800" "confidence=0.9569077380001545" 
@@TRAX:frame "file:///home/vot-workspace/sequences/car1/color/00000575.jpg" 
@@TRAX:state "255.0000,248.0000,98.6200,75.0800" "confidence=0.9443302378058434" 
@@TRAX:frame "file:///home/vot-workspace/sequences/car1/color/00000576.jpg" 
@@TRAX:state "254.0000,248.0000,98.6200,75.0800" "confidence=0.9534522593021393" 
@@TRAX:frame "file:///home/vot-workspace/sequences/car1/color/00000577.jpg" 
@@TRAX:state "263.0000,237.0000,98.6200,75.0800" "confidence=0.9739646911621094" 
@@TRAX:frame "file:///home/vot-workspace/sequences/car1/color/00000578.jpg" 
@@TRAX:state "268.0000,225.0000,98.6200,75.0800" "confidence=0.96931585483253" 
@@TRAX:frame "file:///home/vot-workspace/sequences/car1/color/00000579.jpg" 
@@TRAX:state "268.0000,222.0000,98.6200,75.0800" "confidence=0.938514020293951" 
@@TRAX:frame "file:///home/vot-workspace/sequences/car1/color/00000580.jpg" 
@@TRAX:state "272.0000,227.0000,98.6200,75.0800" "confidence=0.961086880415678" 
@@TRAX:frame "file:///home/vot-workspace/sequences/car1/color/00000581.jpg" 
@@TRAX:state "281.0000,231.0000,98.6200,75.0800" "confidence=0.936288446187973" 
@@TRAX:frame "file:///home/vot-workspace/sequences/car1/color/00000582.jpg" 
@@TRAX:state "279.0000,232.0000,98.6200,75.0800" "confidence=0.9324710667133331" 
@@TRAX:frame "file:///home/vot-workspace/sequences/car1/color/00000583.jpg" 
@@TRAX:state "271.0000,230.0000,98.6200,75.0800" "confidence=0.9590538218617439" 
@@TRAX:frame "file:///home/vot-workspace/sequences/car1/color/00000584.jpg" 
@@TRAX:state "271.0000,226.0000,98.6200,75.0800" "confidence=0.9330085143446922" 
@@TRAX:frame "file:///home/vot-workspace/sequences/car1/color/00000585.jpg" 
@@TRAX:state "274.0000,229.0000,98.6200,75.0800" "confidence=0.9674983881413937" 
@@TRAX:frame "file:///home/vot-workspace/sequences/car1/color/00000586.jpg" 
@@TRAX:state "276.0000,239.0000,98.6200,75.0800" "confidence=0.9754009433090687" 
@@TRAX:frame "file:///home/vot-workspace/sequences/car1/color/00000587.jpg" 
@@TRAX:state "268.0000,252.0000,98.6200,75.0800" "confidence=0.9703628532588482" 
@@TRAX:frame "file:///home/vot-workspace/sequences/car1/color/00000588.jpg" 
@@TRAX:state "264.0000,257.0000,98.6200,75.0800" "confidence=0.9427000358700752" 
@@TRAX:frame "file:///home/vot-workspace/sequences/car1/color/00000589.jpg" 
@@TRAX:state "275.0000,246.0000,98.6200,75.0800" "confidence=0.9658699370920658" 
@@TRAX:frame "file:///home/vot-workspace/sequences/car1/color/00000590.jpg" 
@@TRAX:state "285.0000,231.0000,98.6200,75.0800" "confidence=0.9717201795428991" 
@@TRAX:frame "file:///home/vot-workspace/sequences/car1/color/00000591.jpg" 
@@TRAX:state "283.0000,227.0000,98.6200,75.0800" "confidence=0.9449732042849064" 
@@TRAX:frame "file:///home/vot-workspace/sequences/car1/color/00000592.jpg" 
@@TRAX:state "275.0000,237.0000,98.6200,75.0800" "confidence=0.9701632335782051" 
@@TRAX:frame "file:///home/vot-workspace/sequences/car1/color/00000593.jpg" 
@@TRAX:state "266.0000,247.0000,98.6200,75.0800" "confidence=0.9526767916977406" 
@@TRAX:frame "file:///home/vot-workspace/sequences/car1/color/00000594.jpg" 
@@TRAX:state "265.0000,242.0000,98.6200,75.0800" "confidence=0.975748972967267" 
@@TRAX:frame "file:///home/vot-workspace/sequences/car1/color/00000595.jpg" 
@@TRAX:state "269.0000,222.0000,98.6200,75.0800" "confidence=0.9740248322486877" 
@@TRAX:frame "file:///home/vot-workspace/sequences/car1/color/00000596.jpg" 
@@TRAX:state "272.0000,214.0000,98.6200,75.0800" "confidence=0.9462195560336113" 
@@TRAX:frame "file:///home/vot-workspace/sequences/car1/color/00000597.jpg" 
@@TRAX:state "275.0000,222.0000,98.6200,75.0800" "confidence=0.980737516656518" 
@@TRAX:frame "file:///home/vot-workspace/sequences/car1/color/00000598.jpg" 
@@TRAX:state "275.0000,236.0000,98.6200,75.0800" "confidence=0.9772439710795879" 
@@TRAX:frame "file:///home/vot-workspace/sequences/car1/color/00000599.jpg" 
@@TRAX:state "268.0000,245.0000,98.6200,75.0800" "confidence=0.94741265848279" 
@@TRAX:frame "file:///home/vot-workspace/sequences/car1/color/00000600.jpg" 
@@TRAX:state "262.0000,246.0000,98.6200,75.0800" "confidence=0.9357101321220398" 
@@TRAX:frame "file:///home/vot-workspace/sequences/car1/color/00000601.jpg" 
@@TRAX:state "265.0000,242.0000,98.6200,75.0800" "confidence=0.9588833339512348" 
@@TRAX:frame "file:///home/vot-workspace/sequences/car1/color/00000602.jpg" 
@@TRAX:state "267.0000,237.0000,98.6200,75.0800" "confidence=0.943155076354742" 
@@TRAX:frame "file:///home/vot-workspace/sequences/car1/color/00000603.jpg" 
@@TRAX:state "260.0000,238.0000,98.6200,75.0800" "confidence=0.9542668052017689" 
@@TRAX:frame "file:///home/vot-workspace/sequences/car1/color/00000604.jpg" 
@@TRAX:state "250.0000,250.0000,98.6200,75.0800" "confidence=0.9715018309652805" 
@@TRAX:frame "file:///home/vot-workspace/sequences/car1/color/00000605.jpg" 
@@TRAX:state "248.0000,259.0000,98.6200,75.0800" "confidence=0.9473352394998074" 
@@TRAX:frame "file:///home/vot-workspace/sequences/car1/color/00000606.jpg" 
@@TRAX:state "249.0000,257.0000,98.6200,75.0800" "confidence=0.9610313475131989" 
@@TRAX:frame "file:///home/vot-workspace/sequences/car1/color/00000607.jpg" 
@@TRAX:state "251.0000,248.0000,98.6200,75.0800" "confidence=0.9673897475004196" 
@@TRAX:frame "file:///home/vot-workspace/sequences/car1/color/00000608.jpg" 
@@TRAX:state "250.0000,244.0000,98.6200,75.0800" "confidence=0.9397664852440357" 
@@TRAX:frame "file:///home/vot-workspace/sequences/car1/color/00000609.jpg" 
@@TRAX:state "248.0000,251.0000,98.6200,75.0800" "confidence=0.9768251907080412" 
@@TRAX:frame "file:///home/vot-workspace/sequences/car1/color/00000610.jpg" 
@@TRAX:state "249.0000,263.0000,98.6200,75.0800" "confidence=0.9728925824165344" 
@@TRAX:frame "file:///home/vot-workspace/sequences/car1/color/00000611.jpg" 
@@TRAX:state "251.0000,269.0000,98.6200,75.0800" "confidence=0.9375537522137165" 
@@TRAX:frame "file:///home/vot-workspace/sequences/car1/color/00000612.jpg" 
@@TRAX:state "251.0000,271.0000,98.6200,75.0800" "confidence=0.9262128248810768" 
@@TRAX:frame "file:///home/vot-workspace/sequences/car1/color/00000613.jpg" 
@@TRAX:state "250.0000,271.0000,98.6200,75.0800" "confidence=0.9313181191682816" 
@@TRAX:frame "file:///home/vot-workspace/sequences/car1/color/00000614.jpg" 
@@TRAX:state "248.0000,265.0000,98.6200,75.0800" "confidence=0.9670881107449532" 
@@TRAX:frame "file:///home/vot-workspace/sequences/car1/color/00000615.jpg" 
@@TRAX:state "241.0000,259.0000,98.6200,75.0800" "confidence=0.9548416323959827" 
@@TRAX:frame "file:///home/vot-workspace/sequences/car1/color/00000616.jpg" 
@@TRAX:state "240.0000,253.0000,98.6200,75.0800" "confidence=0.9696259163320065" 
@@TRAX:frame "file:///home/vot-workspace/sequences/car1/color/00000617.jpg" 
@@TRAX:state "242.0000,240.0000,98.6200,75.0800" "confidence=0.9791929852217436" 
@@TRAX:frame "file:///home/vot-workspace/sequences/car1/color/00000618.jpg" 
@@TRAX:state "240.0000,230.0000,98.6200,75.0800" "confidence=0.9560273252427578" 
@@TRAX:frame "file:///home/vot-workspace/sequences/car1/color/00000619.jpg" 
@@TRAX:state "239.0000,229.0000,98.6200,75.0800" "confidence=0.9419065602123737" 
@@TRAX:frame "file:///home/vot-workspace/sequences/car1/color/00000620.jpg" 
@@TRAX:state "242.0000,232.0000,98.6200,75.0800" "confidence=0.9376707598567009" 
@@TRAX:frame "file:///home/vot-workspace/sequences/car1/color/00000621.jpg" 
@@TRAX:state "246.0000,229.0000,98.6200,75.0800" "confidence=0.9657907448709011" 
@@TRAX:frame "file:///home/vot-workspace/sequences/car1/color/00000622.jpg" 
@@TRAX:quit 
Process exited with code (0)
