@@TRAX:hello "trax.name=" "trax.family=" "trax.image=path;" "trax.region=rectangle;" "trax.description=" "trax.version=3" "vot=python" "trax.channels=color;" 
@@TRAX:initialize "file:///home/vot-workspace/sequences/basketball/color/00000001.jpg" "185.7200,208.7300,45.0100,110.9800" 
@@TRAX:state "185.7200,208.7300,45.0100,110.9800" 
@@TRAX:frame "file:///home/vot-workspace/sequences/basketball/color/00000002.jpg" 
QFontDatabase: Cannot find font directory /usr/local/lib/python3.9/site-packages/cv2/qt/fonts.
Note that Qt no longer ships fonts. Deploy some (from https://dejavu-fonts.github.io/ for example) or switch to fontconfig.
QFontDatabase: Cannot find font directory /usr/local/lib/python3.9/site-packages/cv2/qt/fonts.
Note that Qt no longer ships fonts. Deploy some (from https://dejavu-fonts.github.io/ for example) or switch to fontconfig.
QFontDatabase: Cannot find font directory /usr/local/lib/python3.9/site-packages/cv2/qt/fonts.
Note that Qt no longer ships fonts. Deploy some (from https://dejavu-fonts.github.io/ for example) or switch to fontconfig.
QFontDatabase: Cannot find font directory /usr/local/lib/python3.9/site-packages/cv2/qt/fonts.
Note that Qt no longer ships fonts. Deploy some (from https://dejavu-fonts.github.io/ for example) or switch to fontconfig.
QFontDatabase: Cannot find font directory /usr/local/lib/python3.9/site-packages/cv2/qt/fonts.
Note that Qt no longer ships fonts. Deploy some (from https://dejavu-fonts.github.io/ for example) or switch to fontconfig.
@@TRAX:state "183.0000,208.0000,45.0100,110.9800" "confidence=0.9581806659698486" 
@@TRAX:frame "file:///home/vot-workspace/sequences/basketball/color/00000003.jpg" 
@@TRAX:state "182.0000,208.0000,45.0100,110.9800" "confidence=0.8841653093695641" 
@@TRAX:frame "file:///home/vot-workspace/sequences/basketball/color/00000004.jpg" 
@@TRAX:state "180.0000,208.0000,45.0100,110.9800" "confidence=0.8157371133565903" 
@@TRAX:frame "file:///home/vot-workspace/sequences/basketball/color/00000005.jpg" 
@@TRAX:state "177.0000,207.0000,45.0100,110.9800" "confidence=0.7729307264089584" 
@@TRAX:frame "file:///home/vot-workspace/sequences/basketball/color/00000006.jpg" 
@@TRAX:state "173.0000,206.0000,45.0100,110.9800" "confidence=0.7557500004768372" 
@@TRAX:frame "file:///home/vot-workspace/sequences/basketball/color/00000007.jpg" 
@@TRAX:state "184.0000,206.0000,45.0100,110.9800" "confidence=0.7255847156047821" 
@@TRAX:frame "file:///home/vot-workspace/sequences/basketball/color/00000008.jpg" 
@@TRAX:state "162.0000,212.0000,45.0100,110.9800" "confidence=0.7239396572113037" 
@@TRAX:frame "file:///home/vot-workspace/sequences/basketball/color/00000009.jpg" 
@@TRAX:state "162.0000,218.0000,45.0100,110.9800" "confidence=0.7078351974487305" 
@@TRAX:frame "file:///home/vot-workspace/sequences/basketball/color/00000010.jpg" 
@@TRAX:state "164.0000,222.0000,45.0100,110.9800" "confidence=0.7109050452709198" 
@@TRAX:frame "file:///home/vot-workspace/sequences/basketball/color/00000011.jpg" 
@@TRAX:state "174.0000,225.0000,45.0100,110.9800" "confidence=0.7182143032550812" 
@@TRAX:frame "file:///home/vot-workspace/sequences/basketball/color/00000012.jpg" 
@@TRAX:state "178.0000,225.0000,45.0100,110.9800" "confidence=0.7339256405830383" 
@@TRAX:frame "file:///home/vot-workspace/sequences/basketball/color/00000013.jpg" 
@@TRAX:state "181.0000,224.0000,45.0100,110.9800" "confidence=0.7394762635231018" 
@@TRAX:frame "file:///home/vot-workspace/sequences/basketball/color/00000014.jpg" 
@@TRAX:state "193.0000,199.0000,45.0100,110.9800" "confidence=0.7369997501373291" 
@@TRAX:frame "file:///home/vot-workspace/sequences/basketball/color/00000015.jpg" 
@@TRAX:state "196.0000,199.0000,45.0100,110.9800" "confidence=0.7228877246379852" 
@@TRAX:frame "file:///home/vot-workspace/sequences/basketball/color/00000016.jpg" 
@@TRAX:state "207.0000,197.0000,45.0100,110.9800" "confidence=0.7358831763267517" 
@@TRAX:frame "file:///home/vot-workspace/sequences/basketball/color/00000017.jpg" 
@@TRAX:state "207.0000,197.0000,45.0100,110.9800" "confidence=0.740172803401947" 
@@TRAX:frame "file:///home/vot-workspace/sequences/basketball/color/00000018.jpg" 
@@TRAX:state "194.0000,197.0000,45.0100,110.9800" "confidence=0.7415356338024139" 
@@TRAX:frame "file:///home/vot-workspace/sequences/basketball/color/00000019.jpg" 
@@TRAX:state "198.0000,196.0000,45.0100,110.9800" "confidence=0.7559164464473724" 
@@TRAX:frame "file:///home/vot-workspace/sequences/basketball/color/00000020.jpg" 
@@TRAX:state "196.0000,196.0000,45.0100,110.9800" "confidence=0.75387342274189" 
@@TRAX:frame "file:///home/vot-workspace/sequences/basketball/color/00000021.jpg" 
@@TRAX:state "199.0000,195.0000,45.0100,110.9800" "confidence=0.7695240676403046" 
@@TRAX:frame "file:///home/vot-workspace/sequences/basketball/color/00000022.jpg" 
@@TRAX:state "203.0000,193.0000,45.0100,110.9800" "confidence=0.7500234395265579" 
@@TRAX:frame "file:///home/vot-workspace/sequences/basketball/color/00000023.jpg" 
@@TRAX:state "191.0000,194.0000,45.0100,110.9800" "confidence=0.7385235726833344" 
@@TRAX:frame "file:///home/vot-workspace/sequences/basketball/color/00000024.jpg" 
@@TRAX:state "211.0000,192.0000,45.0100,110.9800" "confidence=0.7297665476799011" 
@@TRAX:frame "file:///home/vot-workspace/sequences/basketball/color/00000025.jpg" 
@@TRAX:state "199.0000,193.0000,45.0100,110.9800" "confidence=0.7037095427513123" 
@@TRAX:frame "file:///home/vot-workspace/sequences/basketball/color/00000026.jpg" 
@@TRAX:state "173.0000,194.0000,45.0100,110.9800" "confidence=0.7118114233016968" 
@@TRAX:frame "file:///home/vot-workspace/sequences/basketball/color/00000027.jpg" 
@@TRAX:state "167.0000,194.0000,45.0100,110.9800" "confidence=0.715097576379776" 
@@TRAX:quit 
@@TRAX:hello "trax.name=" "trax.family=" "trax.image=path;" "trax.region=rectangle;" "trax.description=" "trax.version=3" "vot=python" "trax.channels=color;" 
@@TRAX:initialize "file:///home/vot-workspace/sequences/basketball/color/00000032.jpg" "242.6200,226.6600,52.2900,93.8500" 
@@TRAX:state "242.6200,226.6600,52.2900,93.8500" 
@@TRAX:frame "file:///home/vot-workspace/sequences/basketball/color/00000033.jpg" 
QFontDatabase: Cannot find font directory /usr/local/lib/python3.9/site-packages/cv2/qt/fonts.
Note that Qt no longer ships fonts. Deploy some (from https://dejavu-fonts.github.io/ for example) or switch to fontconfig.
QFontDatabase: Cannot find font directory /usr/local/lib/python3.9/site-packages/cv2/qt/fonts.
Note that Qt no longer ships fonts. Deploy some (from https://dejavu-fonts.github.io/ for example) or switch to fontconfig.
QFontDatabase: Cannot find font directory /usr/local/lib/python3.9/site-packages/cv2/qt/fonts.
Note that Qt no longer ships fonts. Deploy some (from https://dejavu-fonts.github.io/ for example) or switch to fontconfig.
QFontDatabase: Cannot find font directory /usr/local/lib/python3.9/site-packages/cv2/qt/fonts.
Note that Qt no longer ships fonts. Deploy some (from https://dejavu-fonts.github.io/ for example) or switch to fontconfig.
QFontDatabase: Cannot find font directory /usr/local/lib/python3.9/site-packages/cv2/qt/fonts.
Note that Qt no longer ships fonts. Deploy some (from https://dejavu-fonts.github.io/ for example) or switch to fontconfig.
@@TRAX:state "246.0000,225.0000,52.2900,93.8500" "confidence=0.9762727953493595" 
@@TRAX:frame "file:///home/vot-workspace/sequences/basketball/color/00000034.jpg" 
@@TRAX:state "250.0000,224.0000,52.2900,93.8500" "confidence=0.9491997323930264" 
@@TRAX:frame "file:///home/vot-workspace/sequences/basketball/color/00000035.jpg" 
@@TRAX:state "254.0000,222.0000,52.2900,93.8500" "confidence=0.9297275692224503" 
@@TRAX:frame "file:///home/vot-workspace/sequences/basketball/color/00000036.jpg" 
@@TRAX:state "258.0000,222.0000,52.2900,93.8500" "confidence=0.9109854623675346" 
@@TRAX:frame "file:///home/vot-workspace/sequences/basketball/color/00000037.jpg" 
@@TRAX:state "262.0000,221.0000,52.2900,93.8500" "confidence=0.8989693969488144" 
@@TRAX:frame "file:///home/vot-workspace/sequences/basketball/color/00000038.jpg" 
@@TRAX:state "266.0000,221.0000,52.2900,93.8500" "confidence=0.8830499351024628" 
@@TRAX:frame "file:///home/vot-workspace/sequences/basketball/color/00000039.jpg" 
@@TRAX:state "269.0000,222.0000,52.2900,93.8500" "confidence=0.8679379224777222" 
@@TRAX:frame "file:///home/vot-workspace/sequences/basketball/color/00000040.jpg" 
@@TRAX:state "273.0000,223.0000,52.2900,93.8500" "confidence=0.8518784493207932" 
@@TRAX:frame "file:///home/vot-workspace/sequences/basketball/color/00000041.jpg" 
@@TRAX:state "278.0000,230.0000,52.2900,93.8500" "confidence=0.8378448635339737" 
@@TRAX:frame "file:///home/vot-workspace/sequences/basketball/color/00000042.jpg" 
@@TRAX:state "281.0000,233.0000,52.2900,93.8500" "confidence=0.8397341817617416" 
@@TRAX:frame "file:///home/vot-workspace/sequences/basketball/color/00000043.jpg" 
@@TRAX:state "283.0000,235.0000,52.2900,93.8500" "confidence=0.8309612572193146" 
@@TRAX:frame "file:///home/vot-workspace/sequences/basketball/color/00000044.jpg" 
@@TRAX:state "285.0000,231.0000,52.2900,93.8500" "confidence=0.815033808350563" 
@@TRAX:frame "file:///home/vot-workspace/sequences/basketball/color/00000045.jpg" 
@@TRAX:state "285.0000,229.0000,52.2900,93.8500" "confidence=0.8123197257518768" 
@@TRAX:frame "file:///home/vot-workspace/sequences/basketball/color/00000046.jpg" 
@@TRAX:state "284.0000,227.0000,52.2900,93.8500" "confidence=0.8175562918186188" 
@@TRAX:frame "file:///home/vot-workspace/sequences/basketball/color/00000047.jpg" 
@@TRAX:state "283.0000,225.0000,52.2900,93.8500" "confidence=0.8197383284568787" 
@@TRAX:frame "file:///home/vot-workspace/sequences/basketball/color/00000048.jpg" 
@@TRAX:state "282.0000,223.0000,52.2900,93.8500" "confidence=0.8178741037845612" 
@@TRAX:frame "file:///home/vot-workspace/sequences/basketball/color/00000049.jpg" 
@@TRAX:state "281.0000,223.0000,52.2900,93.8500" "confidence=0.8157426118850708" 
@@TRAX:frame "file:///home/vot-workspace/sequences/basketball/color/00000050.jpg" 
@@TRAX:state "280.0000,221.0000,52.2900,93.8500" "confidence=0.8073145002126694" 
@@TRAX:frame "file:///home/vot-workspace/sequences/basketball/color/00000051.jpg" 
@@TRAX:state "279.0000,220.0000,52.2900,93.8500" "confidence=0.800019308924675" 
@@TRAX:frame "file:///home/vot-workspace/sequences/basketball/color/00000052.jpg" 
@@TRAX:state "277.0000,221.0000,52.2900,93.8500" "confidence=0.7962021231651306" 
@@TRAX:frame "file:///home/vot-workspace/sequences/basketball/color/00000053.jpg" 
@@TRAX:state "276.0000,220.0000,52.2900,93.8500" "confidence=0.791277602314949" 
@@TRAX:frame "file:///home/vot-workspace/sequences/basketball/color/00000054.jpg" 
@@TRAX:state "274.0000,219.0000,52.2900,93.8500" "confidence=0.7938833832740784" 
@@TRAX:frame "file:///home/vot-workspace/sequences/basketball/color/00000055.jpg" 
@@TRAX:state "273.0000,219.0000,52.2900,93.8500" "confidence=0.7954031974077225" 
@@TRAX:frame "file:///home/vot-workspace/sequences/basketball/color/00000056.jpg" 
@@TRAX:state "272.0000,219.0000,52.2900,93.8500" "confidence=0.7937263697385788" 
@@TRAX:frame "file:///home/vot-workspace/sequences/basketball/color/00000057.jpg" 
@@TRAX:state "272.0000,215.0000,52.2900,93.8500" "confidence=0.7887308150529861" 
@@TRAX:frame "file:///home/vot-workspace/sequences/basketball/color/00000058.jpg" 
@@TRAX:state "273.0000,214.0000,52.2900,93.8500" "confidence=0.7874679416418076" 
@@TRAX:frame "file:///home/vot-workspace/sequences/basketball/color/00000059.jpg" 
@@TRAX:state "270.0000,223.0000,52.2900,93.8500" "confidence=0.7820651531219482" 
@@TRAX:frame "file:///home/vot-workspace/sequences/basketball/color/00000060.jpg" 
@@TRAX:state "268.0000,222.0000,52.2900,93.8500" "confidence=0.7910727709531784" 
@@TRAX:frame "file:///home/vot-workspace/sequences/basketball/color/00000061.jpg" 
@@TRAX:state "266.0000,223.0000,52.2900,93.8500" "confidence=0.7846605181694031" 
@@TRAX:frame "file:///home/vot-workspace/sequences/basketball/color/00000062.jpg" 
@@TRAX:state "261.0000,224.0000,52.2900,93.8500" "confidence=0.7782690674066544" 
@@TRAX:frame "file:///home/vot-workspace/sequences/basketball/color/00000063.jpg" 
@@TRAX:state "258.0000,224.0000,52.2900,93.8500" "confidence=0.7705450654029846" 
@@TRAX:frame "file:///home/vot-workspace/sequences/basketball/color/00000064.jpg" 
@@TRAX:state "253.0000,224.0000,52.2900,93.8500" "confidence=0.7657397538423538" 
@@TRAX:frame "file:///home/vot-workspace/sequences/basketball/color/00000065.jpg" 
@@TRAX:state "255.0000,225.0000,52.2900,93.8500" "confidence=0.7677789628505707" 
@@TRAX:frame "file:///home/vot-workspace/sequences/basketball/color/00000066.jpg" 
@@TRAX:state "249.0000,225.0000,52.2900,93.8500" "confidence=0.7812283933162689" 
@@TRAX:frame "file:///home/vot-workspace/sequences/basketball/color/00000067.jpg" 
@@TRAX:state "244.0000,225.0000,52.2900,93.8500" "confidence=0.7851590812206268" 
@@TRAX:frame "file:///home/vot-workspace/sequences/basketball/color/00000068.jpg" 
@@TRAX:state "225.0000,203.0000,52.2900,93.8500" "confidence=0.7697641253471375" 
@@TRAX:frame "file:///home/vot-workspace/sequences/basketball/color/00000069.jpg" 
@@TRAX:state "216.0000,202.0000,52.2900,93.8500" "confidence=0.7752128541469574" 
@@TRAX:frame "file:///home/vot-workspace/sequences/basketball/color/00000070.jpg" 
@@TRAX:state "209.0000,201.0000,52.2900,93.8500" "confidence=0.7742748856544495" 
@@TRAX:frame "file:///home/vot-workspace/sequences/basketball/color/00000071.jpg" 
@@TRAX:state "209.0000,202.0000,52.2900,93.8500" "confidence=0.7727010101079941" 
@@TRAX:frame "file:///home/vot-workspace/sequences/basketball/color/00000072.jpg" 
@@TRAX:state "203.0000,202.0000,52.2900,93.8500" "confidence=0.7685922235250473" 
@@TRAX:frame "file:///home/vot-workspace/sequences/basketball/color/00000073.jpg" 
@@TRAX:state "198.0000,202.0000,52.2900,93.8500" "confidence=0.7678698003292084" 
@@TRAX:frame "file:///home/vot-workspace/sequences/basketball/color/00000074.jpg" 
@@TRAX:state "203.0000,222.0000,52.2900,93.8500" "confidence=0.7692567855119705" 
@@TRAX:frame "file:///home/vot-workspace/sequences/basketball/color/00000075.jpg" 
@@TRAX:state "197.0000,222.0000,52.2900,93.8500" "confidence=0.7721420228481293" 
@@TRAX:frame "file:///home/vot-workspace/sequences/basketball/color/00000076.jpg" 
@@TRAX:state "177.0000,203.0000,52.2900,93.8500" "confidence=0.7724549621343613" 
@@TRAX:frame "file:///home/vot-workspace/sequences/basketball/color/00000077.jpg" 
@@TRAX:state "169.0000,203.0000,52.2900,93.8500" "confidence=0.7789846360683441" 
@@TRAX:frame "file:///home/vot-workspace/sequences/basketball/color/00000078.jpg" 
@@TRAX:state "163.0000,204.0000,52.2900,93.8500" "confidence=0.7849238216876984" 
@@TRAX:frame "file:///home/vot-workspace/sequences/basketball/color/00000079.jpg" 
@@TRAX:state "158.0000,206.0000,52.2900,93.8500" "confidence=0.7839839458465576" 
@@TRAX:frame "file:///home/vot-workspace/sequences/basketball/color/00000080.jpg" 
@@TRAX:state "152.0000,205.0000,52.2900,93.8500" "confidence=0.797634482383728" 
@@TRAX:frame "file:///home/vot-workspace/sequences/basketball/color/00000081.jpg" 
@@TRAX:state "147.0000,204.0000,52.2900,93.8500" "confidence=0.7897505015134811" 
@@TRAX:frame "file:///home/vot-workspace/sequences/basketball/color/00000082.jpg" 
@@TRAX:state "144.0000,205.0000,52.2900,93.8500" "confidence=0.7711306512355804" 
@@TRAX:frame "file:///home/vot-workspace/sequences/basketball/color/00000083.jpg" 
@@TRAX:state "140.0000,206.0000,52.2900,93.8500" "confidence=0.770050585269928" 
@@TRAX:frame "file:///home/vot-workspace/sequences/basketball/color/00000084.jpg" 
@@TRAX:state "137.0000,206.0000,52.2900,93.8500" "confidence=0.7658922523260117" 
@@TRAX:frame "file:///home/vot-workspace/sequences/basketball/color/00000085.jpg" 
@@TRAX:state "134.0000,209.0000,52.2900,93.8500" "confidence=0.7751408368349075" 
@@TRAX:frame "file:///home/vot-workspace/sequences/basketball/color/00000086.jpg" 
@@TRAX:state "130.0000,210.0000,52.2900,93.8500" "confidence=0.7811078578233719" 
@@TRAX:frame "file:///home/vot-workspace/sequences/basketball/color/00000087.jpg" 
@@TRAX:state "127.0000,211.0000,52.2900,93.8500" "confidence=0.7749729007482529" 
@@TRAX:frame "file:///home/vot-workspace/sequences/basketball/color/00000088.jpg" 
@@TRAX:state "120.0000,207.0000,52.2900,93.8500" "confidence=0.7587389200925827" 
@@TRAX:frame "file:///home/vot-workspace/sequences/basketball/color/00000089.jpg" 
@@TRAX:state "114.0000,208.0000,52.2900,93.8500" "confidence=0.7664856314659119" 
@@TRAX:frame "file:///home/vot-workspace/sequences/basketball/color/00000090.jpg" 
@@TRAX:state "108.0000,212.0000,52.2900,93.8500" "confidence=0.7675486356019974" 
@@TRAX:frame "file:///home/vot-workspace/sequences/basketball/color/00000091.jpg" 
@@TRAX:state "106.0000,215.0000,52.2900,93.8500" "confidence=0.7622684836387634" 
@@TRAX:frame "file:///home/vot-workspace/sequences/basketball/color/00000092.jpg" 
@@TRAX:state "109.0000,229.0000,52.2900,93.8500" "confidence=0.7774114459753036" 
@@TRAX:frame "file:///home/vot-workspace/sequences/basketball/color/00000093.jpg" 
@@TRAX:state "108.0000,216.0000,52.2900,93.8500" "confidence=0.7650026381015778" 
@@TRAX:frame "file:///home/vot-workspace/sequences/basketball/color/00000094.jpg" 
@@TRAX:state "109.0000,210.0000,52.2900,93.8500" "confidence=0.7761709690093994" 
@@TRAX:frame "file:///home/vot-workspace/sequences/basketball/color/00000095.jpg" 
@@TRAX:state "110.0000,207.0000,52.2900,93.8500" "confidence=0.7720680683851242" 
@@TRAX:frame "file:///home/vot-workspace/sequences/basketball/color/00000096.jpg" 
@@TRAX:state "106.0000,203.0000,52.2900,93.8500" "confidence=0.7687455415725708" 
@@TRAX:frame "file:///home/vot-workspace/sequences/basketball/color/00000097.jpg" 
@@TRAX:state "105.0000,203.0000,52.2900,93.8500" "confidence=0.7709245532751083" 
@@TRAX:frame "file:///home/vot-workspace/sequences/basketball/color/00000098.jpg" 
@@TRAX:state "104.0000,203.0000,52.2900,93.8500" "confidence=0.7577617913484573" 
@@TRAX:frame "file:///home/vot-workspace/sequences/basketball/color/00000099.jpg" 
@@TRAX:state "104.0000,219.0000,52.2900,93.8500" "confidence=0.7520671486854553" 
@@TRAX:frame "file:///home/vot-workspace/sequences/basketball/color/00000100.jpg" 
@@TRAX:state "104.0000,216.0000,52.2900,93.8500" "confidence=0.7576058059930801" 
@@TRAX:frame "file:///home/vot-workspace/sequences/basketball/color/00000101.jpg" 
@@TRAX:state "106.0000,208.0000,52.2900,93.8500" "confidence=0.7494918704032898" 
@@TRAX:frame "file:///home/vot-workspace/sequences/basketball/color/00000102.jpg" 
@@TRAX:state "107.0000,201.0000,52.2900,93.8500" "confidence=0.7414135336875916" 
@@TRAX:frame "file:///home/vot-workspace/sequences/basketball/color/00000103.jpg" 
@@TRAX:state "108.0000,198.0000,52.2900,93.8500" "confidence=0.7586446702480316" 
@@TRAX:frame "file:///home/vot-workspace/sequences/basketball/color/00000104.jpg" 
@@TRAX:state "109.0000,195.0000,52.2900,93.8500" "confidence=0.7539831101894379" 
@@TRAX:frame "file:///home/vot-workspace/sequences/basketball/color/00000105.jpg" 
@@TRAX:state "108.0000,190.0000,52.2900,93.8500" "confidence=0.7530105113983154" 
@@TRAX:frame "file:///home/vot-workspace/sequences/basketball/color/00000106.jpg" 
@@TRAX:state "111.0000,185.0000,52.2900,93.8500" "confidence=0.7638245970010757" 
@@TRAX:frame "file:///home/vot-workspace/sequences/basketball/color/00000107.jpg" 
@@TRAX:state "114.0000,189.0000,52.2900,93.8500" "confidence=0.7618494629859924" 
@@TRAX:frame "file:///home/vot-workspace/sequences/basketball/color/00000108.jpg" 
@@TRAX:state "117.0000,192.0000,52.2900,93.8500" "confidence=0.7651318907737732" 
@@TRAX:frame "file:///home/vot-workspace/sequences/basketball/color/00000109.jpg" 
@@TRAX:state "120.0000,192.0000,52.2900,93.8500" "confidence=0.7617710828781128" 
@@TRAX:frame "file:///home/vot-workspace/sequences/basketball/color/00000110.jpg" 
@@TRAX:state "119.0000,185.0000,52.2900,93.8500" "confidence=0.7689083367586136" 
@@TRAX:frame "file:///home/vot-workspace/sequences/basketball/color/00000111.jpg" 
@@TRAX:state "125.0000,194.0000,52.2900,93.8500" "confidence=0.7659013420343399" 
@@TRAX:frame "file:///home/vot-workspace/sequences/basketball/color/00000112.jpg" 
@@TRAX:state "128.0000,192.0000,52.2900,93.8500" "confidence=0.7770921140909195" 
@@TRAX:frame "file:///home/vot-workspace/sequences/basketball/color/00000113.jpg" 
@@TRAX:state "133.0000,199.0000,52.2900,93.8500" "confidence=0.8007968366146088" 
@@TRAX:frame "file:///home/vot-workspace/sequences/basketball/color/00000114.jpg" 
@@TRAX:state "136.0000,189.0000,52.2900,93.8500" "confidence=0.8146265596151352" 
@@TRAX:frame "file:///home/vot-workspace/sequences/basketball/color/00000115.jpg" 
@@TRAX:state "142.0000,183.0000,52.2900,93.8500" "confidence=0.8043435662984848" 
@@TRAX:frame "file:///home/vot-workspace/sequences/basketball/color/00000116.jpg" 
@@TRAX:state "147.0000,180.0000,52.2900,93.8500" "confidence=0.7980572283267975" 
@@TRAX:frame "file:///home/vot-workspace/sequences/basketball/color/00000117.jpg" 
@@TRAX:state "150.0000,178.0000,52.2900,93.8500" "confidence=0.7924458533525467" 
@@TRAX:frame "file:///home/vot-workspace/sequences/basketball/color/00000118.jpg" 
@@TRAX:state "152.0000,177.0000,52.2900,93.8500" "confidence=0.7985592186450958" 
@@TRAX:frame "file:///home/vot-workspace/sequences/basketball/color/00000119.jpg" 
@@TRAX:state "157.0000,181.0000,52.2900,93.8500" "confidence=0.7938123792409897" 
@@TRAX:frame "file:///home/vot-workspace/sequences/basketball/color/00000120.jpg" 
@@TRAX:state "159.0000,183.0000,52.2900,93.8500" "confidence=0.7943583726882935" 
@@TRAX:frame "file:///home/vot-workspace/sequences/basketball/color/00000121.jpg" 
@@TRAX:state "162.0000,184.0000,52.2900,93.8500" "confidence=0.7952465862035751" 
@@TRAX:frame "file:///home/vot-workspace/sequences/basketball/color/00000122.jpg" 
@@TRAX:state "166.0000,181.0000,52.2900,93.8500" "confidence=0.7982098311185837" 
@@TRAX:frame "file:///home/vot-workspace/sequences/basketball/color/00000123.jpg" 
@@TRAX:state "170.0000,179.0000,52.2900,93.8500" "confidence=0.7826891094446182" 
@@TRAX:frame "file:///home/vot-workspace/sequences/basketball/color/00000124.jpg" 
@@TRAX:state "173.0000,172.0000,52.2900,93.8500" "confidence=0.7932923883199692" 
@@TRAX:frame "file:///home/vot-workspace/sequences/basketball/color/00000125.jpg" 
@@TRAX:state "175.0000,174.0000,52.2900,93.8500" "confidence=0.7913396209478378" 
@@TRAX:frame "file:///home/vot-workspace/sequences/basketball/color/00000126.jpg" 
@@TRAX:state "177.0000,173.0000,52.2900,93.8500" "confidence=0.8139695078134537" 
@@TRAX:frame "file:///home/vot-workspace/sequences/basketball/color/00000127.jpg" 
@@TRAX:state "181.0000,171.0000,52.2900,93.8500" "confidence=0.8203990012407303" 
@@TRAX:frame "file:///home/vot-workspace/sequences/basketball/color/00000128.jpg" 
@@TRAX:state "184.0000,171.0000,52.2900,93.8500" "confidence=0.820866659283638" 
@@TRAX:frame "file:///home/vot-workspace/sequences/basketball/color/00000129.jpg" 
@@TRAX:state "187.0000,172.0000,52.2900,93.8500" "confidence=0.8102018982172012" 
@@TRAX:frame "file:///home/vot-workspace/sequences/basketball/color/00000130.jpg" 
@@TRAX:state "190.0000,173.0000,52.2900,93.8500" "confidence=0.7937197089195251" 
@@TRAX:frame "file:///home/vot-workspace/sequences/basketball/color/00000131.jpg" 
@@TRAX:state "193.0000,173.0000,52.2900,93.8500" "confidence=0.7804475724697113" 
@@TRAX:frame "file:///home/vot-workspace/sequences/basketball/color/00000132.jpg" 
@@TRAX:state "196.0000,172.0000,52.2900,93.8500" "confidence=0.7729546576738358" 
@@TRAX:frame "file:///home/vot-workspace/sequences/basketball/color/00000133.jpg" 
@@TRAX:state "198.0000,172.0000,52.2900,93.8500" "confidence=0.7890734076499939" 
@@TRAX:frame "file:///home/vot-workspace/sequences/basketball/color/00000134.jpg" 
@@TRAX:state "198.0000,171.0000,52.2900,93.8500" "confidence=0.8058981150388718" 
@@TRAX:frame "file:///home/vot-workspace/sequences/basketball/color/00000135.jpg" 
@@TRAX:state "200.0000,169.0000,52.2900,93.8500" "confidence=0.8225898444652557" 
@@TRAX:frame "file:///home/vot-workspace/sequences/basketball/color/00000136.jpg" 
@@TRAX:state "202.0000,164.0000,52.2900,93.8500" "confidence=0.8144613951444626" 
@@TRAX:frame "file:///home/vot-workspace/sequences/basketball/color/00000137.jpg" 
@@TRAX:state "204.0000,163.0000,52.2900,93.8500" "confidence=0.79509536921978" 
@@TRAX:frame "file:///home/vot-workspace/sequences/basketball/color/00000138.jpg" 
@@TRAX:state "205.0000,163.0000,52.2900,93.8500" "confidence=0.7770015150308609" 
@@TRAX:frame "file:///home/vot-workspace/sequences/basketball/color/00000139.jpg" 
@@TRAX:state "206.0000,163.0000,52.2900,93.8500" "confidence=0.7678881585597992" 
@@TRAX:frame "file:///home/vot-workspace/sequences/basketball/color/00000140.jpg" 
@@TRAX:state "207.0000,163.0000,52.2900,93.8500" "confidence=0.7718692123889923" 
@@TRAX:frame "file:///home/vot-workspace/sequences/basketball/color/00000141.jpg" 
@@TRAX:state "208.0000,163.0000,52.2900,93.8500" "confidence=0.7838873416185379" 
@@TRAX:frame "file:///home/vot-workspace/sequences/basketball/color/00000142.jpg" 
@@TRAX:state "209.0000,164.0000,52.2900,93.8500" "confidence=0.8014846742153168" 
@@TRAX:frame "file:///home/vot-workspace/sequences/basketball/color/00000143.jpg" 
@@TRAX:state "211.0000,163.0000,52.2900,93.8500" "confidence=0.813814178109169" 
@@TRAX:frame "file:///home/vot-workspace/sequences/basketball/color/00000144.jpg" 
@@TRAX:state "213.0000,163.0000,52.2900,93.8500" "confidence=0.8035891950130463" 
@@TRAX:frame "file:///home/vot-workspace/sequences/basketball/color/00000145.jpg" 
@@TRAX:state "214.0000,163.0000,52.2900,93.8500" "confidence=0.7487395405769348" 
@@TRAX:frame "file:///home/vot-workspace/sequences/basketball/color/00000146.jpg" 
@@TRAX:state "229.0000,188.0000,52.2900,93.8500" "confidence=0.7020353674888611" 
@@TRAX:frame "file:///home/vot-workspace/sequences/basketball/color/00000147.jpg" 
@@TRAX:state "227.0000,192.0000,52.2900,93.8500" "confidence=0.710590124130249" 
@@TRAX:frame "file:///home/vot-workspace/sequences/basketball/color/00000148.jpg" 
@@TRAX:state "224.0000,207.0000,52.2900,93.8500" "confidence=0.7175172865390778" 
@@TRAX:frame "file:///home/vot-workspace/sequences/basketball/color/00000149.jpg" 
@@TRAX:state "227.0000,207.0000,52.2900,93.8500" "confidence=0.7257928550243378" 
@@TRAX:frame "file:///home/vot-workspace/sequences/basketball/color/00000150.jpg" 
@@TRAX:state "227.0000,208.0000,52.2900,93.8500" "confidence=0.7369253933429718" 
@@TRAX:frame "file:///home/vot-workspace/sequences/basketball/color/00000151.jpg" 
@@TRAX:state "227.0000,209.0000,52.2900,93.8500" "confidence=0.7452965974807739" 
@@TRAX:frame "file:///home/vot-workspace/sequences/basketball/color/00000152.jpg" 
@@TRAX:state "229.0000,208.0000,52.2900,93.8500" "confidence=0.7403987944126129" 
@@TRAX:frame "file:///home/vot-workspace/sequences/basketball/color/00000153.jpg" 
@@TRAX:state "232.0000,207.0000,52.2900,93.8500" "confidence=0.7164855003356934" 
@@TRAX:frame "file:///home/vot-workspace/sequences/basketball/color/00000154.jpg" 
@@TRAX:state "228.0000,192.0000,52.2900,93.8500" "confidence=0.7076557278633118" 
@@TRAX:frame "file:///home/vot-workspace/sequences/basketball/color/00000155.jpg" 
@@TRAX:state "228.0000,181.0000,52.2900,93.8500" "confidence=0.7058826982975006" 
@@TRAX:frame "file:///home/vot-workspace/sequences/basketball/color/00000156.jpg" 
@@TRAX:state "234.0000,179.0000,52.2900,93.8500" "confidence=0.6929643750190735" 
@@TRAX:frame "file:///home/vot-workspace/sequences/basketball/color/00000157.jpg" 
@@TRAX:state "246.0000,179.0000,52.2900,93.8500" "confidence=0.7039453387260437" 
@@TRAX:frame "file:///home/vot-workspace/sequences/basketball/color/00000158.jpg" 
@@TRAX:state "252.0000,179.0000,52.2900,93.8500" "confidence=0.7028406858444214" 
@@TRAX:frame "file:///home/vot-workspace/sequences/basketball/color/00000159.jpg" 
@@TRAX:state "256.0000,179.0000,52.2900,93.8500" "confidence=0.6889384090900421" 
@@TRAX:frame "file:///home/vot-workspace/sequences/basketball/color/00000160.jpg" 
@@TRAX:state "258.0000,179.0000,52.2900,93.8500" "confidence=0.675958514213562" 
@@TRAX:frame "file:///home/vot-workspace/sequences/basketball/color/00000161.jpg" 
@@TRAX:state "259.0000,179.0000,52.2900,93.8500" "confidence=0.6790950298309326" 
@@TRAX:frame "file:///home/vot-workspace/sequences/basketball/color/00000162.jpg" 
@@TRAX:state "244.0000,190.0000,52.2900,93.8500" "confidence=0.6941881775856018" 
@@TRAX:frame "file:///home/vot-workspace/sequences/basketball/color/00000163.jpg" 
@@TRAX:state "247.0000,194.0000,52.2900,93.8500" "confidence=0.7133354544639587" 
@@TRAX:frame "file:///home/vot-workspace/sequences/basketball/color/00000164.jpg" 
@@TRAX:state "250.0000,194.0000,52.2900,93.8500" "confidence=0.7204706072807312" 
@@TRAX:frame "file:///home/vot-workspace/sequences/basketball/color/00000165.jpg" 
@@TRAX:state "254.0000,192.0000,52.2900,93.8500" "confidence=0.7304381132125854" 
@@TRAX:frame "file:///home/vot-workspace/sequences/basketball/color/00000166.jpg" 
@@TRAX:state "260.0000,186.0000,52.2900,93.8500" "confidence=0.7236057221889496" 
@@TRAX:frame "file:///home/vot-workspace/sequences/basketball/color/00000167.jpg" 
@@TRAX:state "263.0000,185.0000,52.2900,93.8500" "confidence=0.7174769341945648" 
@@TRAX:frame "file:///home/vot-workspace/sequences/basketball/color/00000168.jpg" 
@@TRAX:state "264.0000,185.0000,52.2900,93.8500" "confidence=0.7089619934558868" 
@@TRAX:frame "file:///home/vot-workspace/sequences/basketball/color/00000169.jpg" 
@@TRAX:state "263.0000,192.0000,52.2900,93.8500" "confidence=0.7053405940532684" 
@@TRAX:frame "file:///home/vot-workspace/sequences/basketball/color/00000170.jpg" 
@@TRAX:state "259.0000,217.0000,52.2900,93.8500" "confidence=0.7431749701499939" 
@@TRAX:frame "file:///home/vot-workspace/sequences/basketball/color/00000171.jpg" 
@@TRAX:state "260.0000,221.0000,52.2900,93.8500" "confidence=0.7272836565971375" 
@@TRAX:frame "file:///home/vot-workspace/sequences/basketball/color/00000172.jpg" 
@@TRAX:state "267.0000,220.0000,52.2900,93.8500" "confidence=0.7099013328552246" 
@@TRAX:frame "file:///home/vot-workspace/sequences/basketball/color/00000173.jpg" 
@@TRAX:state "264.0000,194.0000,52.2900,93.8500" "confidence=0.7081240713596344" 
@@TRAX:frame "file:///home/vot-workspace/sequences/basketball/color/00000174.jpg" 
@@TRAX:state "268.0000,192.0000,52.2900,93.8500" "confidence=0.7061715722084045" 
@@TRAX:frame "file:///home/vot-workspace/sequences/basketball/color/00000175.jpg" 
@@TRAX:state "268.0000,197.0000,52.2900,93.8500" "confidence=0.6906787157058716" 
@@TRAX:frame "file:///home/vot-workspace/sequences/basketball/color/00000176.jpg" 
@@TRAX:state "291.0000,221.0000,52.2900,93.8500" "confidence=0.6980116963386536" 
@@TRAX:frame "file:///home/vot-workspace/sequences/basketball/color/00000177.jpg" 
@@TRAX:state "295.0000,221.0000,52.2900,93.8500" "confidence=0.6947399377822876" 
@@TRAX:frame "file:///home/vot-workspace/sequences/basketball/color/00000178.jpg" 
@@TRAX:state "316.0000,217.0000,52.2900,93.8500" "confidence=0.6878940463066101" 
@@TRAX:frame "file:///home/vot-workspace/sequences/basketball/color/00000179.jpg" 
@@TRAX:state "322.0000,217.0000,52.2900,93.8500" "confidence=0.6901764273643494" 
@@TRAX:quit 
@@TRAX:hello "trax.name=" "trax.family=" "trax.image=path;" "trax.region=rectangle;" "trax.description=" "trax.version=3" "vot=python" "trax.channels=color;" 
@@TRAX:initialize "file:///home/vot-workspace/sequences/basketball/color/00000184.jpg" "276.8700,144.8000,44.6800,109.6100" 
@@TRAX:state "276.8700,144.8000,44.6800,109.6100" 
@@TRAX:frame "file:///home/vot-workspace/sequences/basketball/color/00000185.jpg" 
QFontDatabase: Cannot find font directory /usr/local/lib/python3.9/site-packages/cv2/qt/fonts.
Note that Qt no longer ships fonts. Deploy some (from https://dejavu-fonts.github.io/ for example) or switch to fontconfig.
QFontDatabase: Cannot find font directory /usr/local/lib/python3.9/site-packages/cv2/qt/fonts.
Note that Qt no longer ships fonts. Deploy some (from https://dejavu-fonts.github.io/ for example) or switch to fontconfig.
QFontDatabase: Cannot find font directory /usr/local/lib/python3.9/site-packages/cv2/qt/fonts.
Note that Qt no longer ships fonts. Deploy some (from https://dejavu-fonts.github.io/ for example) or switch to fontconfig.
QFontDatabase: Cannot find font directory /usr/local/lib/python3.9/site-packages/cv2/qt/fonts.
Note that Qt no longer ships fonts. Deploy some (from https://dejavu-fonts.github.io/ for example) or switch to fontconfig.
QFontDatabase: Cannot find font directory /usr/local/lib/python3.9/site-packages/cv2/qt/fonts.
Note that Qt no longer ships fonts. Deploy some (from https://dejavu-fonts.github.io/ for example) or switch to fontconfig.
@@TRAX:state "276.0000,143.0000,44.6800,109.6100" "confidence=0.8913953304290771" 
@@TRAX:frame "file:///home/vot-workspace/sequences/basketball/color/00000186.jpg" 
@@TRAX:state "277.0000,142.0000,44.6800,109.6100" "confidence=0.8215378224849701" 
@@TRAX:frame "file:///home/vot-workspace/sequences/basketball/color/00000187.jpg" 
@@TRAX:state "277.0000,141.0000,44.6800,109.6100" "confidence=0.8076733499765396" 
@@TRAX:frame "file:///home/vot-workspace/sequences/basketball/color/00000188.jpg" 
@@TRAX:state "277.0000,141.0000,44.6800,109.6100" "confidence=0.804113119840622" 
@@TRAX:frame "file:///home/vot-workspace/sequences/basketball/color/00000189.jpg" 
@@TRAX:state "278.0000,142.0000,44.6800,109.6100" "confidence=0.8087385892868042" 
@@TRAX:frame "file:///home/vot-workspace/sequences/basketball/color/00000190.jpg" 
@@TRAX:state "278.0000,144.0000,44.6800,109.6100" "confidence=0.8067727535963058" 
@@TRAX:frame "file:///home/vot-workspace/sequences/basketball/color/00000191.jpg" 
@@TRAX:state "278.0000,145.0000,44.6800,109.6100" "confidence=0.7824138104915619" 
@@TRAX:frame "file:///home/vot-workspace/sequences/basketball/color/00000192.jpg" 
@@TRAX:state "279.0000,148.0000,44.6800,109.6100" "confidence=0.7656495571136475" 
@@TRAX:frame "file:///home/vot-workspace/sequences/basketball/color/00000193.jpg" 
@@TRAX:state "277.0000,149.0000,44.6800,109.6100" "confidence=0.7480572164058685" 
@@TRAX:frame "file:///home/vot-workspace/sequences/basketball/color/00000194.jpg" 
@@TRAX:state "277.0000,150.0000,44.6800,109.6100" "confidence=0.7561522871255875" 
@@TRAX:frame "file:///home/vot-workspace/sequences/basketball/color/00000195.jpg" 
@@TRAX:state "277.0000,150.0000,44.6800,109.6100" "confidence=0.763337567448616" 
@@TRAX:frame "file:///home/vot-workspace/sequences/basketball/color/00000196.jpg" 
@@TRAX:state "275.0000,150.0000,44.6800,109.6100" "confidence=0.7762680649757385" 
@@TRAX:frame "file:///home/vot-workspace/sequences/basketball/color/00000197.jpg" 
@@TRAX:state "272.0000,149.0000,44.6800,109.6100" "confidence=0.7761320620775223" 
@@TRAX:frame "file:///home/vot-workspace/sequences/basketball/color/00000198.jpg" 
@@TRAX:state "271.0000,149.0000,44.6800,109.6100" "confidence=0.778043583035469" 
@@TRAX:frame "file:///home/vot-workspace/sequences/basketball/color/00000199.jpg" 
@@TRAX:state "270.0000,149.0000,44.6800,109.6100" "confidence=0.7637554109096527" 
@@TRAX:frame "file:///home/vot-workspace/sequences/basketball/color/00000200.jpg" 
@@TRAX:state "273.0000,148.0000,44.6800,109.6100" "confidence=0.7472570240497589" 
@@TRAX:frame "file:///home/vot-workspace/sequences/basketball/color/00000201.jpg" 
@@TRAX:state "276.0000,148.0000,44.6800,109.6100" "confidence=0.7494131326675415" 
@@TRAX:frame "file:///home/vot-workspace/sequences/basketball/color/00000202.jpg" 
@@TRAX:state "279.0000,148.0000,44.6800,109.6100" "confidence=0.7940103858709335" 
@@TRAX:frame "file:///home/vot-workspace/sequences/basketball/color/00000203.jpg" 
@@TRAX:state "279.0000,147.0000,44.6800,109.6100" "confidence=0.8090504258871078" 
@@TRAX:frame "file:///home/vot-workspace/sequences/basketball/color/00000204.jpg" 
@@TRAX:state "277.0000,148.0000,44.6800,109.6100" "confidence=0.7845616489648819" 
@@TRAX:frame "file:///home/vot-workspace/sequences/basketball/color/00000205.jpg" 
@@TRAX:state "277.0000,149.0000,44.6800,109.6100" "confidence=0.7544799745082855" 
@@TRAX:frame "file:///home/vot-workspace/sequences/basketball/color/00000206.jpg" 
@@TRAX:state "278.0000,150.0000,44.6800,109.6100" "confidence=0.7452945411205292" 
@@TRAX:frame "file:///home/vot-workspace/sequences/basketball/color/00000207.jpg" 
@@TRAX:state "279.0000,151.0000,44.6800,109.6100" "confidence=0.7443906962871552" 
@@TRAX:frame "file:///home/vot-workspace/sequences/basketball/color/00000208.jpg" 
@@TRAX:state "278.0000,145.0000,44.6800,109.6100" "confidence=0.7434042394161224" 
@@TRAX:frame "file:///home/vot-workspace/sequences/basketball/color/00000209.jpg" 
@@TRAX:state "278.0000,150.0000,44.6800,109.6100" "confidence=0.737856537103653" 
@@TRAX:frame "file:///home/vot-workspace/sequences/basketball/color/00000210.jpg" 
@@TRAX:state "275.0000,144.0000,44.6800,109.6100" "confidence=0.7518270015716553" 
@@TRAX:frame "file:///home/vot-workspace/sequences/basketball/color/00000211.jpg" 
@@TRAX:state "275.0000,145.0000,44.6800,109.6100" "confidence=0.7677558362483978" 
@@TRAX:frame "file:///home/vot-workspace/sequences/basketball/color/00000212.jpg" 
@@TRAX:state "274.0000,148.0000,44.6800,109.6100" "confidence=0.7746377140283585" 
@@TRAX:frame "file:///home/vot-workspace/sequences/basketball/color/00000213.jpg" 
@@TRAX:state "274.0000,149.0000,44.6800,109.6100" "confidence=0.7648416459560394" 
@@TRAX:frame "file:///home/vot-workspace/sequences/basketball/color/00000214.jpg" 
@@TRAX:state "274.0000,159.0000,44.6800,109.6100" "confidence=0.7663414627313614" 
@@TRAX:frame "file:///home/vot-workspace/sequences/basketball/color/00000215.jpg" 
@@TRAX:state "274.0000,159.0000,44.6800,109.6100" "confidence=0.7523022145032883" 
@@TRAX:frame "file:///home/vot-workspace/sequences/basketball/color/00000216.jpg" 
@@TRAX:state "271.0000,146.0000,44.6800,109.6100" "confidence=0.7258902788162231" 
@@TRAX:frame "file:///home/vot-workspace/sequences/basketball/color/00000217.jpg" 
@@TRAX:state "274.0000,143.0000,44.6800,109.6100" "confidence=0.7218552827835083" 
@@TRAX:frame "file:///home/vot-workspace/sequences/basketball/color/00000218.jpg" 
@@TRAX:state "273.0000,143.0000,44.6800,109.6100" "confidence=0.7341271340847015" 
@@TRAX:frame "file:///home/vot-workspace/sequences/basketball/color/00000219.jpg" 
@@TRAX:state "271.0000,145.0000,44.6800,109.6100" "confidence=0.7327982783317566" 
@@TRAX:frame "file:///home/vot-workspace/sequences/basketball/color/00000220.jpg" 
@@TRAX:state "271.0000,145.0000,44.6800,109.6100" "confidence=0.7289539277553558" 
@@TRAX:frame "file:///home/vot-workspace/sequences/basketball/color/00000221.jpg" 
@@TRAX:state "273.0000,145.0000,44.6800,109.6100" "confidence=0.716559886932373" 
@@TRAX:frame "file:///home/vot-workspace/sequences/basketball/color/00000222.jpg" 
@@TRAX:state "274.0000,142.0000,44.6800,109.6100" "confidence=0.7246281802654266" 
@@TRAX:frame "file:///home/vot-workspace/sequences/basketball/color/00000223.jpg" 
@@TRAX:state "274.0000,141.0000,44.6800,109.6100" "confidence=0.7451732754707336" 
@@TRAX:frame "file:///home/vot-workspace/sequences/basketball/color/00000224.jpg" 
@@TRAX:state "273.0000,142.0000,44.6800,109.6100" "confidence=0.7526348382234573" 
@@TRAX:frame "file:///home/vot-workspace/sequences/basketball/color/00000225.jpg" 
@@TRAX:state "271.0000,142.0000,44.6800,109.6100" "confidence=0.7447024881839752" 
@@TRAX:frame "file:///home/vot-workspace/sequences/basketball/color/00000226.jpg" 
@@TRAX:state "268.0000,142.0000,44.6800,109.6100" "confidence=0.7478158175945282" 
@@TRAX:frame "file:///home/vot-workspace/sequences/basketball/color/00000227.jpg" 
@@TRAX:state "267.0000,143.0000,44.6800,109.6100" "confidence=0.7452171444892883" 
@@TRAX:frame "file:///home/vot-workspace/sequences/basketball/color/00000228.jpg" 
@@TRAX:state "266.0000,143.0000,44.6800,109.6100" "confidence=0.7406912744045258" 
@@TRAX:frame "file:///home/vot-workspace/sequences/basketball/color/00000229.jpg" 
@@TRAX:state "264.0000,144.0000,44.6800,109.6100" "confidence=0.7377127110958099" 
@@TRAX:frame "file:///home/vot-workspace/sequences/basketball/color/00000230.jpg" 
@@TRAX:state "263.0000,143.0000,44.6800,109.6100" "confidence=0.7414965033531189" 
@@TRAX:frame "file:///home/vot-workspace/sequences/basketball/color/00000231.jpg" 
@@TRAX:state "263.0000,140.0000,44.6800,109.6100" "confidence=0.7563045769929886" 
@@TRAX:frame "file:///home/vot-workspace/sequences/basketball/color/00000232.jpg" 
@@TRAX:state "260.0000,140.0000,44.6800,109.6100" "confidence=0.7679721117019653" 
@@TRAX:frame "file:///home/vot-workspace/sequences/basketball/color/00000233.jpg" 
@@TRAX:state "258.0000,139.0000,44.6800,109.6100" "confidence=0.7626399546861649" 
@@TRAX:frame "file:///home/vot-workspace/sequences/basketball/color/00000234.jpg" 
@@TRAX:state "256.0000,139.0000,44.6800,109.6100" "confidence=0.7495874464511871" 
@@TRAX:frame "file:///home/vot-workspace/sequences/basketball/color/00000235.jpg" 
@@TRAX:state "253.0000,138.0000,44.6800,109.6100" "confidence=0.7382602691650391" 
@@TRAX:frame "file:///home/vot-workspace/sequences/basketball/color/00000236.jpg" 
@@TRAX:state "251.0000,137.0000,44.6800,109.6100" "confidence=0.7317458689212799" 
@@TRAX:frame "file:///home/vot-workspace/sequences/basketball/color/00000237.jpg" 
@@TRAX:state "250.0000,137.0000,44.6800,109.6100" "confidence=0.7175482511520386" 
@@TRAX:frame "file:///home/vot-workspace/sequences/basketball/color/00000238.jpg" 
@@TRAX:state "247.0000,141.0000,44.6800,109.6100" "confidence=0.7042923271656036" 
@@TRAX:frame "file:///home/vot-workspace/sequences/basketball/color/00000239.jpg" 
@@TRAX:state "247.0000,136.0000,44.6800,109.6100" "confidence=0.6912920773029327" 
@@TRAX:frame "file:///home/vot-workspace/sequences/basketball/color/00000240.jpg" 
@@TRAX:state "272.0000,134.0000,44.6800,109.6100" "confidence=0.6785916984081268" 
@@TRAX:frame "file:///home/vot-workspace/sequences/basketball/color/00000241.jpg" 
@@TRAX:state "297.0000,134.0000,44.6800,109.6100" "confidence=0.7155915200710297" 
@@TRAX:quit 
@@TRAX:hello "trax.name=" "trax.family=" "trax.image=path;" "trax.region=rectangle;" "trax.description=" "trax.version=3" "vot=python" "trax.channels=color;" 
@@TRAX:initialize "file:///home/vot-workspace/sequences/basketball/color/00000246.jpg" "230.3700,184.0400,35.1500,120.7700" 
@@TRAX:state "230.3700,184.0400,35.1500,120.7700" 
@@TRAX:frame "file:///home/vot-workspace/sequences/basketball/color/00000247.jpg" 
QFontDatabase: Cannot find font directory /usr/local/lib/python3.9/site-packages/cv2/qt/fonts.
Note that Qt no longer ships fonts. Deploy some (from https://dejavu-fonts.github.io/ for example) or switch to fontconfig.
QFontDatabase: Cannot find font directory /usr/local/lib/python3.9/site-packages/cv2/qt/fonts.
Note that Qt no longer ships fonts. Deploy some (from https://dejavu-fonts.github.io/ for example) or switch to fontconfig.
QFontDatabase: Cannot find font directory /usr/local/lib/python3.9/site-packages/cv2/qt/fonts.
Note that Qt no longer ships fonts. Deploy some (from https://dejavu-fonts.github.io/ for example) or switch to fontconfig.
QFontDatabase: Cannot find font directory /usr/local/lib/python3.9/site-packages/cv2/qt/fonts.
Note that Qt no longer ships fonts. Deploy some (from https://dejavu-fonts.github.io/ for example) or switch to fontconfig.
QFontDatabase: Cannot find font directory /usr/local/lib/python3.9/site-packages/cv2/qt/fonts.
Note that Qt no longer ships fonts. Deploy some (from https://dejavu-fonts.github.io/ for example) or switch to fontconfig.
@@TRAX:state "229.0000,185.0000,35.1500,120.7700" "confidence=0.9220099523663521" 
@@TRAX:frame "file:///home/vot-workspace/sequences/basketball/color/00000248.jpg" 
@@TRAX:state "227.0000,187.0000,35.1500,120.7700" "confidence=0.836145430803299" 
@@TRAX:frame "file:///home/vot-workspace/sequences/basketball/color/00000249.jpg" 
@@TRAX:state "225.0000,183.0000,35.1500,120.7700" "confidence=0.7847345322370529" 
@@TRAX:frame "file:///home/vot-workspace/sequences/basketball/color/00000250.jpg" 
@@TRAX:state "220.0000,179.0000,35.1500,120.7700" "confidence=0.757214292883873" 
@@TRAX:frame "file:///home/vot-workspace/sequences/basketball/color/00000251.jpg" 
@@TRAX:state "217.0000,177.0000,35.1500,120.7700" "confidence=0.7509845048189163" 
@@TRAX:frame "file:///home/vot-workspace/sequences/basketball/color/00000252.jpg" 
@@TRAX:state "214.0000,177.0000,35.1500,120.7700" "confidence=0.7387579381465912" 
@@TRAX:frame "file:///home/vot-workspace/sequences/basketball/color/00000253.jpg" 
@@TRAX:state "213.0000,177.0000,35.1500,120.7700" "confidence=0.7442179024219513" 
@@TRAX:frame "file:///home/vot-workspace/sequences/basketball/color/00000254.jpg" 
@@TRAX:state "213.0000,178.0000,35.1500,120.7700" "confidence=0.7708766907453537" 
@@TRAX:frame "file:///home/vot-workspace/sequences/basketball/color/00000255.jpg" 
@@TRAX:state "211.0000,180.0000,35.1500,120.7700" "confidence=0.7988575547933578" 
@@TRAX:frame "file:///home/vot-workspace/sequences/basketball/color/00000256.jpg" 
@@TRAX:state "208.0000,182.0000,35.1500,120.7700" "confidence=0.8014579713344574" 
@@TRAX:frame "file:///home/vot-workspace/sequences/basketball/color/00000257.jpg" 
@@TRAX:state "204.0000,184.0000,35.1500,120.7700" "confidence=0.7881472408771515" 
@@TRAX:frame "file:///home/vot-workspace/sequences/basketball/color/00000258.jpg" 
@@TRAX:state "201.0000,185.0000,35.1500,120.7700" "confidence=0.7764816284179688" 
@@TRAX:frame "file:///home/vot-workspace/sequences/basketball/color/00000259.jpg" 
@@TRAX:state "199.0000,176.0000,35.1500,120.7700" "confidence=0.7700939178466797" 
@@TRAX:frame "file:///home/vot-workspace/sequences/basketball/color/00000260.jpg" 
@@TRAX:state "195.0000,186.0000,35.1500,120.7700" "confidence=0.7601687759160995" 
@@TRAX:frame "file:///home/vot-workspace/sequences/basketball/color/00000261.jpg" 
@@TRAX:state "194.0000,186.0000,35.1500,120.7700" "confidence=0.7586984634399414" 
@@TRAX:frame "file:///home/vot-workspace/sequences/basketball/color/00000262.jpg" 
@@TRAX:state "192.0000,187.0000,35.1500,120.7700" "confidence=0.7342880070209503" 
@@TRAX:frame "file:///home/vot-workspace/sequences/basketball/color/00000263.jpg" 
@@TRAX:state "193.0000,187.0000,35.1500,120.7700" "confidence=0.717897355556488" 
@@TRAX:frame "file:///home/vot-workspace/sequences/basketball/color/00000264.jpg" 
@@TRAX:state "194.0000,176.0000,35.1500,120.7700" "confidence=0.7293559014797211" 
@@TRAX:frame "file:///home/vot-workspace/sequences/basketball/color/00000265.jpg" 
@@TRAX:state "188.0000,188.0000,35.1500,120.7700" "confidence=0.7281620502471924" 
@@TRAX:frame "file:///home/vot-workspace/sequences/basketball/color/00000266.jpg" 
@@TRAX:state "188.0000,187.0000,35.1500,120.7700" "confidence=0.7268465161323547" 
@@TRAX:frame "file:///home/vot-workspace/sequences/basketball/color/00000267.jpg" 
@@TRAX:state "192.0000,185.0000,35.1500,120.7700" "confidence=0.7158372104167938" 
@@TRAX:frame "file:///home/vot-workspace/sequences/basketball/color/00000268.jpg" 
@@TRAX:state "187.0000,180.0000,35.1500,120.7700" "confidence=0.7170920073986053" 
@@TRAX:frame "file:///home/vot-workspace/sequences/basketball/color/00000269.jpg" 
@@TRAX:state "190.0000,201.0000,35.1500,120.7700" "confidence=0.7181359827518463" 
@@TRAX:frame "file:///home/vot-workspace/sequences/basketball/color/00000270.jpg" 
@@TRAX:state "183.0000,180.0000,35.1500,120.7700" "confidence=0.7270852029323578" 
@@TRAX:frame "file:///home/vot-workspace/sequences/basketball/color/00000271.jpg" 
@@TRAX:state "183.0000,179.0000,35.1500,120.7700" "confidence=0.731144368648529" 
@@TRAX:frame "file:///home/vot-workspace/sequences/basketball/color/00000272.jpg" 
@@TRAX:state "182.0000,180.0000,35.1500,120.7700" "confidence=0.7292720675468445" 
@@TRAX:frame "file:///home/vot-workspace/sequences/basketball/color/00000273.jpg" 
@@TRAX:state "187.0000,195.0000,35.1500,120.7700" "confidence=0.7329204678535461" 
@@TRAX:frame "file:///home/vot-workspace/sequences/basketball/color/00000274.jpg" 
@@TRAX:state "188.0000,185.0000,35.1500,120.7700" "confidence=0.7428063452243805" 
@@TRAX:frame "file:///home/vot-workspace/sequences/basketball/color/00000275.jpg" 
@@TRAX:state "185.0000,184.0000,35.1500,120.7700" "confidence=0.7446948289871216" 
@@TRAX:frame "file:///home/vot-workspace/sequences/basketball/color/00000276.jpg" 
@@TRAX:state "181.0000,197.0000,35.1500,120.7700" "confidence=0.747940719127655" 
@@TRAX:frame "file:///home/vot-workspace/sequences/basketball/color/00000277.jpg" 
@@TRAX:state "186.0000,209.0000,35.1500,120.7700" "confidence=0.7381058037281036" 
@@TRAX:frame "file:///home/vot-workspace/sequences/basketball/color/00000278.jpg" 
@@TRAX:state "190.0000,211.0000,35.1500,120.7700" "confidence=0.7169528305530548" 
@@TRAX:frame "file:///home/vot-workspace/sequences/basketball/color/00000279.jpg" 
@@TRAX:state "170.0000,201.0000,35.1500,120.7700" "confidence=0.7514903545379639" 
@@TRAX:frame "file:///home/vot-workspace/sequences/basketball/color/00000280.jpg" 
@@TRAX:state "172.0000,200.0000,35.1500,120.7700" "confidence=0.744419515132904" 
@@TRAX:frame "file:///home/vot-workspace/sequences/basketball/color/00000281.jpg" 
@@TRAX:state "174.0000,200.0000,35.1500,120.7700" "confidence=0.7205632328987122" 
@@TRAX:frame "file:///home/vot-workspace/sequences/basketball/color/00000282.jpg" 
@@TRAX:state "175.0000,208.0000,35.1500,120.7700" "confidence=0.7116824686527252" 
@@TRAX:frame "file:///home/vot-workspace/sequences/basketball/color/00000283.jpg" 
@@TRAX:state "168.0000,183.0000,35.1500,120.7700" "confidence=0.7285966277122498" 
@@TRAX:frame "file:///home/vot-workspace/sequences/basketball/color/00000284.jpg" 
@@TRAX:state "176.0000,185.0000,35.1500,120.7700" "confidence=0.7561459690332413" 
@@TRAX:frame "file:///home/vot-workspace/sequences/basketball/color/00000285.jpg" 
@@TRAX:state "176.0000,187.0000,35.1500,120.7700" "confidence=0.7884745895862579" 
@@TRAX:frame "file:///home/vot-workspace/sequences/basketball/color/00000286.jpg" 
@@TRAX:state "179.0000,180.0000,35.1500,120.7700" "confidence=0.7742295116186142" 
@@TRAX:frame "file:///home/vot-workspace/sequences/basketball/color/00000287.jpg" 
@@TRAX:state "180.0000,181.0000,35.1500,120.7700" "confidence=0.755050852894783" 
@@TRAX:frame "file:///home/vot-workspace/sequences/basketball/color/00000288.jpg" 
@@TRAX:state "182.0000,179.0000,35.1500,120.7700" "confidence=0.745381772518158" 
@@TRAX:frame "file:///home/vot-workspace/sequences/basketball/color/00000289.jpg" 
@@TRAX:state "183.0000,178.0000,35.1500,120.7700" "confidence=0.7408431470394135" 
@@TRAX:frame "file:///home/vot-workspace/sequences/basketball/color/00000290.jpg" 
@@TRAX:state "184.0000,177.0000,35.1500,120.7700" "confidence=0.7336777448654175" 
@@TRAX:frame "file:///home/vot-workspace/sequences/basketball/color/00000291.jpg" 
@@TRAX:state "184.0000,176.0000,35.1500,120.7700" "confidence=0.7165836691856384" 
@@TRAX:frame "file:///home/vot-workspace/sequences/basketball/color/00000292.jpg" 
@@TRAX:state "183.0000,184.0000,35.1500,120.7700" "confidence=0.7183080911636353" 
@@TRAX:frame "file:///home/vot-workspace/sequences/basketball/color/00000293.jpg" 
@@TRAX:state "182.0000,184.0000,35.1500,120.7700" "confidence=0.7227105796337128" 
@@TRAX:frame "file:///home/vot-workspace/sequences/basketball/color/00000294.jpg" 
@@TRAX:state "181.0000,185.0000,35.1500,120.7700" "confidence=0.729105681180954" 
@@TRAX:frame "file:///home/vot-workspace/sequences/basketball/color/00000295.jpg" 
@@TRAX:state "181.0000,184.0000,35.1500,120.7700" "confidence=0.7256099581718445" 
@@TRAX:frame "file:///home/vot-workspace/sequences/basketball/color/00000296.jpg" 
@@TRAX:state "181.0000,186.0000,35.1500,120.7700" "confidence=0.7442401647567749" 
@@TRAX:frame "file:///home/vot-workspace/sequences/basketball/color/00000297.jpg" 
@@TRAX:state "177.0000,190.0000,35.1500,120.7700" "confidence=0.7562241703271866" 
@@TRAX:frame "file:///home/vot-workspace/sequences/basketball/color/00000298.jpg" 
@@TRAX:state "175.0000,188.0000,35.1500,120.7700" "confidence=0.7681913822889328" 
@@TRAX:frame "file:///home/vot-workspace/sequences/basketball/color/00000299.jpg" 
@@TRAX:state "172.0000,187.0000,35.1500,120.7700" "confidence=0.7662085741758347" 
@@TRAX:frame "file:///home/vot-workspace/sequences/basketball/color/00000300.jpg" 
@@TRAX:state "171.0000,186.0000,35.1500,120.7700" "confidence=0.786574974656105" 
@@TRAX:frame "file:///home/vot-workspace/sequences/basketball/color/00000301.jpg" 
@@TRAX:state "170.0000,186.0000,35.1500,120.7700" "confidence=0.7984869927167892" 
@@TRAX:frame "file:///home/vot-workspace/sequences/basketball/color/00000302.jpg" 
@@TRAX:state "169.0000,186.0000,35.1500,120.7700" "confidence=0.8087272346019745" 
@@TRAX:frame "file:///home/vot-workspace/sequences/basketball/color/00000303.jpg" 
@@TRAX:state "167.0000,188.0000,35.1500,120.7700" "confidence=0.8105659782886505" 
@@TRAX:frame "file:///home/vot-workspace/sequences/basketball/color/00000304.jpg" 
@@TRAX:state "165.0000,190.0000,35.1500,120.7700" "confidence=0.8011631071567535" 
@@TRAX:frame "file:///home/vot-workspace/sequences/basketball/color/00000305.jpg" 
@@TRAX:state "157.0000,204.0000,35.1500,120.7700" "confidence=0.796369343996048" 
@@TRAX:frame "file:///home/vot-workspace/sequences/basketball/color/00000306.jpg" 
@@TRAX:state "156.0000,206.0000,35.1500,120.7700" "confidence=0.796818882226944" 
@@TRAX:frame "file:///home/vot-workspace/sequences/basketball/color/00000307.jpg" 
@@TRAX:state "155.0000,207.0000,35.1500,120.7700" "confidence=0.7855916023254395" 
@@TRAX:frame "file:///home/vot-workspace/sequences/basketball/color/00000308.jpg" 
@@TRAX:state "154.0000,211.0000,35.1500,120.7700" "confidence=0.7696366459131241" 
@@TRAX:frame "file:///home/vot-workspace/sequences/basketball/color/00000309.jpg" 
@@TRAX:state "154.0000,206.0000,35.1500,120.7700" "confidence=0.754622682929039" 
@@TRAX:frame "file:///home/vot-workspace/sequences/basketball/color/00000310.jpg" 
@@TRAX:state "152.0000,213.0000,35.1500,120.7700" "confidence=0.7660540342330933" 
@@TRAX:frame "file:///home/vot-workspace/sequences/basketball/color/00000311.jpg" 
@@TRAX:state "155.0000,195.0000,35.1500,120.7700" "confidence=0.7569346278905869" 
@@TRAX:frame "file:///home/vot-workspace/sequences/basketball/color/00000312.jpg" 
@@TRAX:state "151.0000,197.0000,35.1500,120.7700" "confidence=0.735540509223938" 
@@TRAX:frame "file:///home/vot-workspace/sequences/basketball/color/00000313.jpg" 
@@TRAX:state "148.0000,200.0000,35.1500,120.7700" "confidence=0.75950026512146" 
@@TRAX:frame "file:///home/vot-workspace/sequences/basketball/color/00000314.jpg" 
@@TRAX:state "144.0000,200.0000,35.1500,120.7700" "confidence=0.758547231554985" 
@@TRAX:frame "file:///home/vot-workspace/sequences/basketball/color/00000315.jpg" 
@@TRAX:state "142.0000,195.0000,35.1500,120.7700" "confidence=0.7264699339866638" 
@@TRAX:frame "file:///home/vot-workspace/sequences/basketball/color/00000316.jpg" 
@@TRAX:state "133.0000,202.0000,35.1500,120.7700" "confidence=0.6930122077465057" 
@@TRAX:frame "file:///home/vot-workspace/sequences/basketball/color/00000317.jpg" 
@@TRAX:state "139.0000,228.0000,35.1500,120.7700" "confidence=0.6988302767276764" 
@@TRAX:frame "file:///home/vot-workspace/sequences/basketball/color/00000318.jpg" 
@@TRAX:state "139.0000,236.0000,35.1500,120.7700" "confidence=0.7413402497768402" 
@@TRAX:frame "file:///home/vot-workspace/sequences/basketball/color/00000319.jpg" 
@@TRAX:state "137.0000,235.0000,35.1500,120.7700" "confidence=0.7463197112083435" 
@@TRAX:frame "file:///home/vot-workspace/sequences/basketball/color/00000320.jpg" 
@@TRAX:state "136.0000,235.0000,35.1500,120.7700" "confidence=0.7492093145847321" 
@@TRAX:frame "file:///home/vot-workspace/sequences/basketball/color/00000321.jpg" 
@@TRAX:state "135.0000,236.0000,35.1500,120.7700" "confidence=0.7444683313369751" 
@@TRAX:frame "file:///home/vot-workspace/sequences/basketball/color/00000322.jpg" 
@@TRAX:state "134.0000,235.0000,35.1500,120.7700" "confidence=0.7330111563205719" 
@@TRAX:frame "file:///home/vot-workspace/sequences/basketball/color/00000323.jpg" 
@@TRAX:state "134.0000,235.0000,35.1500,120.7700" "confidence=0.7260383367538452" 
@@TRAX:frame "file:///home/vot-workspace/sequences/basketball/color/00000324.jpg" 
@@TRAX:state "134.0000,235.0000,35.1500,120.7700" "confidence=0.7200278639793396" 
@@TRAX:frame "file:///home/vot-workspace/sequences/basketball/color/00000325.jpg" 
@@TRAX:state "134.0000,230.0000,35.1500,120.7700" "confidence=0.7115633487701416" 
@@TRAX:frame "file:///home/vot-workspace/sequences/basketball/color/00000326.jpg" 
@@TRAX:state "119.0000,213.0000,35.1500,120.7700" "confidence=0.7085469365119934" 
@@TRAX:frame "file:///home/vot-workspace/sequences/basketball/color/00000327.jpg" 
@@TRAX:state "119.0000,214.0000,35.1500,120.7700" "confidence=0.7035004794597626" 
@@TRAX:frame "file:///home/vot-workspace/sequences/basketball/color/00000328.jpg" 
@@TRAX:state "120.0000,215.0000,35.1500,120.7700" "confidence=0.7014524042606354" 
@@TRAX:frame "file:///home/vot-workspace/sequences/basketball/color/00000329.jpg" 
@@TRAX:state "113.0000,237.0000,35.1500,120.7700" "confidence=0.693699985742569" 
@@TRAX:frame "file:///home/vot-workspace/sequences/basketball/color/00000330.jpg" 
@@TRAX:state "113.0000,238.0000,35.1500,120.7700" "confidence=0.6964053809642792" 
@@TRAX:frame "file:///home/vot-workspace/sequences/basketball/color/00000331.jpg" 
@@TRAX:state "114.0000,239.0000,35.1500,120.7700" "confidence=0.7010104358196259" 
@@TRAX:frame "file:///home/vot-workspace/sequences/basketball/color/00000332.jpg" 
@@TRAX:state "114.0000,240.0000,35.1500,120.7700" "confidence=0.7007928192615509" 
@@TRAX:frame "file:///home/vot-workspace/sequences/basketball/color/00000333.jpg" 
@@TRAX:state "115.0000,241.0000,35.1500,120.7700" "confidence=0.7022724151611328" 
@@TRAX:frame "file:///home/vot-workspace/sequences/basketball/color/00000334.jpg" 
@@TRAX:state "117.0000,242.0000,35.1500,120.7700" "confidence=0.7073958218097687" 
@@TRAX:frame "file:///home/vot-workspace/sequences/basketball/color/00000335.jpg" 
@@TRAX:state "125.0000,236.0000,35.1500,120.7700" "confidence=0.70765820145607" 
@@TRAX:frame "file:///home/vot-workspace/sequences/basketball/color/00000336.jpg" 
@@TRAX:state "126.0000,236.0000,35.1500,120.7700" "confidence=0.7153359949588776" 
@@TRAX:frame "file:///home/vot-workspace/sequences/basketball/color/00000337.jpg" 
@@TRAX:state "128.0000,237.0000,35.1500,120.7700" "confidence=0.7122483253479004" 
@@TRAX:frame "file:///home/vot-workspace/sequences/basketball/color/00000338.jpg" 
@@TRAX:state "130.0000,237.0000,35.1500,120.7700" "confidence=0.7133186459541321" 
@@TRAX:frame "file:///home/vot-workspace/sequences/basketball/color/00000339.jpg" 
@@TRAX:state "125.0000,239.0000,35.1500,120.7700" "confidence=0.7122251093387604" 
@@TRAX:frame "file:///home/vot-workspace/sequences/basketball/color/00000340.jpg" 
@@TRAX:state "125.0000,239.0000,35.1500,120.7700" "confidence=0.7061705887317657" 
@@TRAX:frame "file:///home/vot-workspace/sequences/basketball/color/00000341.jpg" 
@@TRAX:state "125.0000,239.0000,35.1500,120.7700" "confidence=0.6972881853580475" 
@@TRAX:frame "file:///home/vot-workspace/sequences/basketball/color/00000342.jpg" 
@@TRAX:state "135.0000,238.0000,35.1500,120.7700" "confidence=0.6899405121803284" 
@@TRAX:frame "file:///home/vot-workspace/sequences/basketball/color/00000343.jpg" 
@@TRAX:state "125.0000,237.0000,35.1500,120.7700" "confidence=0.6818026900291443" 
@@TRAX:frame "file:///home/vot-workspace/sequences/basketball/color/00000344.jpg" 
@@TRAX:state "148.0000,239.0000,35.1500,120.7700" "confidence=0.6873566806316376" 
@@TRAX:frame "file:///home/vot-workspace/sequences/basketball/color/00000345.jpg" 
@@TRAX:state "148.0000,239.0000,35.1500,120.7700" "confidence=0.6918013095855713" 
@@TRAX:frame "file:///home/vot-workspace/sequences/basketball/color/00000346.jpg" 
@@TRAX:state "148.0000,240.0000,35.1500,120.7700" "confidence=0.6963407099246979" 
@@TRAX:frame "file:///home/vot-workspace/sequences/basketball/color/00000347.jpg" 
@@TRAX:state "149.0000,240.0000,35.1500,120.7700" "confidence=0.6940990090370178" 
@@TRAX:frame "file:///home/vot-workspace/sequences/basketball/color/00000348.jpg" 
@@TRAX:state "149.0000,240.0000,35.1500,120.7700" "confidence=0.6878907382488251" 
@@TRAX:frame "file:///home/vot-workspace/sequences/basketball/color/00000349.jpg" 
@@TRAX:state "149.0000,242.0000,35.1500,120.7700" "confidence=0.6800262629985809" 
@@TRAX:frame "file:///home/vot-workspace/sequences/basketball/color/00000350.jpg" 
@@TRAX:state "149.0000,242.0000,35.1500,120.7700" "confidence=0.6749214231967926" 
@@TRAX:frame "file:///home/vot-workspace/sequences/basketball/color/00000351.jpg" 
@@TRAX:state "146.0000,238.0000,35.1500,120.7700" "confidence=0.6735761165618896" 
@@TRAX:frame "file:///home/vot-workspace/sequences/basketball/color/00000352.jpg" 
@@TRAX:state "137.0000,212.0000,35.1500,120.7700" "confidence=0.6985022127628326" 
@@TRAX:frame "file:///home/vot-workspace/sequences/basketball/color/00000353.jpg" 
@@TRAX:state "138.0000,211.0000,35.1500,120.7700" "confidence=0.701980710029602" 
@@TRAX:frame "file:///home/vot-workspace/sequences/basketball/color/00000354.jpg" 
@@TRAX:state "139.0000,211.0000,35.1500,120.7700" "confidence=0.7121091187000275" 
@@TRAX:frame "file:///home/vot-workspace/sequences/basketball/color/00000355.jpg" 
@@TRAX:state "138.0000,213.0000,35.1500,120.7700" "confidence=0.7156491279602051" 
@@TRAX:frame "file:///home/vot-workspace/sequences/basketball/color/00000356.jpg" 
@@TRAX:state "138.0000,213.0000,35.1500,120.7700" "confidence=0.7124933004379272" 
@@TRAX:frame "file:///home/vot-workspace/sequences/basketball/color/00000357.jpg" 
@@TRAX:state "136.0000,224.0000,35.1500,120.7700" "confidence=0.7158578634262085" 
@@TRAX:frame "file:///home/vot-workspace/sequences/basketball/color/00000358.jpg" 
@@TRAX:state "129.0000,236.0000,35.1500,120.7700" "confidence=0.7210466265678406" 
@@TRAX:frame "file:///home/vot-workspace/sequences/basketball/color/00000359.jpg" 
@@TRAX:state "129.0000,237.0000,35.1500,120.7700" "confidence=0.7242511808872223" 
@@TRAX:frame "file:///home/vot-workspace/sequences/basketball/color/00000360.jpg" 
@@TRAX:state "131.0000,237.0000,35.1500,120.7700" "confidence=0.7374710738658905" 
@@TRAX:frame "file:///home/vot-workspace/sequences/basketball/color/00000361.jpg" 
@@TRAX:state "131.0000,237.0000,35.1500,120.7700" "confidence=0.7505592107772827" 
@@TRAX:frame "file:///home/vot-workspace/sequences/basketball/color/00000362.jpg" 
@@TRAX:state "131.0000,238.0000,35.1500,120.7700" "confidence=0.7600228190422058" 
@@TRAX:frame "file:///home/vot-workspace/sequences/basketball/color/00000363.jpg" 
@@TRAX:state "132.0000,239.0000,35.1500,120.7700" "confidence=0.7711554020643234" 
@@TRAX:frame "file:///home/vot-workspace/sequences/basketball/color/00000364.jpg" 
@@TRAX:state "132.0000,240.0000,35.1500,120.7700" "confidence=0.774847999215126" 
@@TRAX:frame "file:///home/vot-workspace/sequences/basketball/color/00000365.jpg" 
@@TRAX:state "132.0000,241.0000,35.1500,120.7700" "confidence=0.7709123194217682" 
@@TRAX:frame "file:///home/vot-workspace/sequences/basketball/color/00000366.jpg" 
@@TRAX:state "133.0000,241.0000,35.1500,120.7700" "confidence=0.7737212479114532" 
@@TRAX:frame "file:///home/vot-workspace/sequences/basketball/color/00000367.jpg" 
@@TRAX:state "133.0000,245.0000,35.1500,120.7700" "confidence=0.7729614973068237" 
@@TRAX:frame "file:///home/vot-workspace/sequences/basketball/color/00000368.jpg" 
@@TRAX:state "133.0000,241.0000,35.1500,120.7700" "confidence=0.7722414433956146" 
@@TRAX:frame "file:///home/vot-workspace/sequences/basketball/color/00000369.jpg" 
@@TRAX:state "134.0000,242.0000,35.1500,120.7700" "confidence=0.7721069306135178" 
@@TRAX:frame "file:///home/vot-workspace/sequences/basketball/color/00000370.jpg" 
@@TRAX:state "135.0000,242.0000,35.1500,120.7700" "confidence=0.7717852145433426" 
@@TRAX:frame "file:///home/vot-workspace/sequences/basketball/color/00000371.jpg" 
@@TRAX:state "136.0000,243.0000,35.1500,120.7700" "confidence=0.7669651508331299" 
@@TRAX:frame "file:///home/vot-workspace/sequences/basketball/color/00000372.jpg" 
@@TRAX:state "137.0000,243.0000,35.1500,120.7700" "confidence=0.7685259431600571" 
@@TRAX:frame "file:///home/vot-workspace/sequences/basketball/color/00000373.jpg" 
@@TRAX:state "137.0000,243.0000,35.1500,120.7700" "confidence=0.767303466796875" 
@@TRAX:frame "file:///home/vot-workspace/sequences/basketball/color/00000374.jpg" 
@@TRAX:state "138.0000,244.0000,35.1500,120.7700" "confidence=0.7721975594758987" 
@@TRAX:frame "file:///home/vot-workspace/sequences/basketball/color/00000375.jpg" 
@@TRAX:state "139.0000,244.0000,35.1500,120.7700" "confidence=0.7707495093345642" 
@@TRAX:frame "file:///home/vot-workspace/sequences/basketball/color/00000376.jpg" 
@@TRAX:state "139.0000,244.0000,35.1500,120.7700" "confidence=0.7717918902635574" 
@@TRAX:frame "file:///home/vot-workspace/sequences/basketball/color/00000377.jpg" 
@@TRAX:state "140.0000,245.0000,35.1500,120.7700" "confidence=0.7623035907745361" 
@@TRAX:frame "file:///home/vot-workspace/sequences/basketball/color/00000378.jpg" 
@@TRAX:state "141.0000,245.0000,35.1500,120.7700" "confidence=0.7676567435264587" 
@@TRAX:frame "file:///home/vot-workspace/sequences/basketball/color/00000379.jpg" 
@@TRAX:state "141.0000,245.0000,35.1500,120.7700" "confidence=0.7696591466665268" 
@@TRAX:frame "file:///home/vot-workspace/sequences/basketball/color/00000380.jpg" 
@@TRAX:state "142.0000,246.0000,35.1500,120.7700" "confidence=0.7718611359596252" 
@@TRAX:frame "file:///home/vot-workspace/sequences/basketball/color/00000381.jpg" 
@@TRAX:state "142.0000,246.0000,35.1500,120.7700" "confidence=0.7709196358919144" 
@@TRAX:frame "file:///home/vot-workspace/sequences/basketball/color/00000382.jpg" 
@@TRAX:state "143.0000,246.0000,35.1500,120.7700" "confidence=0.7706679403781891" 
@@TRAX:frame "file:///home/vot-workspace/sequences/basketball/color/00000383.jpg" 
@@TRAX:state "143.0000,247.0000,35.1500,120.7700" "confidence=0.771714061498642" 
@@TRAX:frame "file:///home/vot-workspace/sequences/basketball/color/00000384.jpg" 
@@TRAX:state "144.0000,248.0000,35.1500,120.7700" "confidence=0.770302340388298" 
@@TRAX:frame "file:///home/vot-workspace/sequences/basketball/color/00000385.jpg" 
@@TRAX:state "144.0000,247.0000,35.1500,120.7700" "confidence=0.7693995386362076" 
@@TRAX:frame "file:///home/vot-workspace/sequences/basketball/color/00000386.jpg" 
@@TRAX:state "145.0000,248.0000,35.1500,120.7700" "confidence=0.7687772214412689" 
@@TRAX:frame "file:///home/vot-workspace/sequences/basketball/color/00000387.jpg" 
@@TRAX:state "146.0000,251.0000,35.1500,120.7700" "confidence=0.7675276696681976" 
@@TRAX:frame "file:///home/vot-workspace/sequences/basketball/color/00000388.jpg" 
@@TRAX:state "146.0000,248.0000,35.1500,120.7700" "confidence=0.7656963765621185" 
@@TRAX:frame "file:///home/vot-workspace/sequences/basketball/color/00000389.jpg" 
@@TRAX:state "147.0000,250.0000,35.1500,120.7700" "confidence=0.7592134028673172" 
@@TRAX:frame "file:///home/vot-workspace/sequences/basketball/color/00000390.jpg" 
@@TRAX:state "147.0000,251.0000,35.1500,120.7700" "confidence=0.7596098184585571" 
@@TRAX:frame "file:///home/vot-workspace/sequences/basketball/color/00000391.jpg" 
@@TRAX:state "146.0000,248.0000,35.1500,120.7700" "confidence=0.759205162525177" 
@@TRAX:frame "file:///home/vot-workspace/sequences/basketball/color/00000392.jpg" 
@@TRAX:state "146.0000,247.0000,35.1500,120.7700" "confidence=0.7519311457872391" 
@@TRAX:frame "file:///home/vot-workspace/sequences/basketball/color/00000393.jpg" 
@@TRAX:state "144.0000,246.0000,35.1500,120.7700" "confidence=0.7379995584487915" 
@@TRAX:frame "file:///home/vot-workspace/sequences/basketball/color/00000394.jpg" 
@@TRAX:state "145.0000,246.0000,35.1500,120.7700" "confidence=0.7133306264877319" 
@@TRAX:frame "file:///home/vot-workspace/sequences/basketball/color/00000395.jpg" 
@@TRAX:state "146.0000,256.0000,35.1500,120.7700" "confidence=0.6913415789604187" 
@@TRAX:frame "file:///home/vot-workspace/sequences/basketball/color/00000396.jpg" 
@@TRAX:state "137.0000,256.0000,35.1500,120.7700" "confidence=0.6804295480251312" 
@@TRAX:frame "file:///home/vot-workspace/sequences/basketball/color/00000397.jpg" 
@@TRAX:state "156.0000,242.0000,35.1500,120.7700" "confidence=0.671990692615509" 
@@TRAX:frame "file:///home/vot-workspace/sequences/basketball/color/00000398.jpg" 
@@TRAX:state "147.0000,217.0000,35.1500,120.7700" "confidence=0.6929509043693542" 
@@TRAX:frame "file:///home/vot-workspace/sequences/basketball/color/00000399.jpg" 
@@TRAX:state "147.0000,217.0000,35.1500,120.7700" "confidence=0.7010673880577087" 
@@TRAX:frame "file:///home/vot-workspace/sequences/basketball/color/00000400.jpg" 
@@TRAX:state "148.0000,217.0000,35.1500,120.7700" "confidence=0.7130313217639923" 
@@TRAX:frame "file:///home/vot-workspace/sequences/basketball/color/00000401.jpg" 
@@TRAX:state "149.0000,217.0000,35.1500,120.7700" "confidence=0.719048261642456" 
@@TRAX:frame "file:///home/vot-workspace/sequences/basketball/color/00000402.jpg" 
@@TRAX:state "149.0000,217.0000,35.1500,120.7700" "confidence=0.7183466255664825" 
@@TRAX:frame "file:///home/vot-workspace/sequences/basketball/color/00000403.jpg" 
@@TRAX:state "150.0000,218.0000,35.1500,120.7700" "confidence=0.7088115215301514" 
@@TRAX:frame "file:///home/vot-workspace/sequences/basketball/color/00000404.jpg" 
@@TRAX:state "150.0000,218.0000,35.1500,120.7700" "confidence=0.7097070813179016" 
@@TRAX:frame "file:///home/vot-workspace/sequences/basketball/color/00000405.jpg" 
@@TRAX:state "150.0000,218.0000,35.1500,120.7700" "confidence=0.6950025856494904" 
@@TRAX:frame "file:///home/vot-workspace/sequences/basketball/color/00000406.jpg" 
@@TRAX:state "150.0000,218.0000,35.1500,120.7700" "confidence=0.68416827917099" 
@@TRAX:frame "file:///home/vot-workspace/sequences/basketball/color/00000407.jpg" 
@@TRAX:state "161.0000,241.0000,35.1500,120.7700" "confidence=0.6807546019554138" 
@@TRAX:frame "file:///home/vot-workspace/sequences/basketball/color/00000408.jpg" 
@@TRAX:state "135.0000,242.0000,35.1500,120.7700" "confidence=0.6806317269802094" 
@@TRAX:frame "file:///home/vot-workspace/sequences/basketball/color/00000409.jpg" 
@@TRAX:state "137.0000,242.0000,35.1500,120.7700" "confidence=0.6795428097248077" 
@@TRAX:frame "file:///home/vot-workspace/sequences/basketball/color/00000410.jpg" 
@@TRAX:state "138.0000,242.0000,35.1500,120.7700" "confidence=0.6783764064311981" 
@@TRAX:frame "file:///home/vot-workspace/sequences/basketball/color/00000411.jpg" 
@@TRAX:state "138.0000,242.0000,35.1500,120.7700" "confidence=0.6734715104103088" 
@@TRAX:frame "file:///home/vot-workspace/sequences/basketball/color/00000412.jpg" 
@@TRAX:state "139.0000,242.0000,35.1500,120.7700" "confidence=0.6755726337432861" 
@@TRAX:frame "file:///home/vot-workspace/sequences/basketball/color/00000413.jpg" 
@@TRAX:state "140.0000,242.0000,35.1500,120.7700" "confidence=0.6719084680080414" 
@@TRAX:frame "file:///home/vot-workspace/sequences/basketball/color/00000414.jpg" 
@@TRAX:state "140.0000,242.0000,35.1500,120.7700" "confidence=0.673722118139267" 
@@TRAX:frame "file:///home/vot-workspace/sequences/basketball/color/00000415.jpg" 
@@TRAX:state "153.0000,217.0000,35.1500,120.7700" "confidence=0.6769455075263977" 
@@TRAX:frame "file:///home/vot-workspace/sequences/basketball/color/00000416.jpg" 
@@TRAX:state "127.0000,191.0000,35.1500,120.7700" "confidence=0.6992108225822449" 
@@TRAX:frame "file:///home/vot-workspace/sequences/basketball/color/00000417.jpg" 
@@TRAX:state "125.0000,178.0000,35.1500,120.7700" "confidence=0.7262333035469055" 
@@TRAX:frame "file:///home/vot-workspace/sequences/basketball/color/00000418.jpg" 
@@TRAX:state "125.0000,178.0000,35.1500,120.7700" "confidence=0.7298654913902283" 
@@TRAX:quit 
@@TRAX:hello "trax.name=" "trax.family=" "trax.image=path;" "trax.region=rectangle;" "trax.description=" "trax.version=3" "vot=python" "trax.channels=color;" 
@@TRAX:initialize "file:///home/vot-workspace/sequences/basketball/color/00000423.jpg" "156.9100,218.7700,48.5500,129.4700" 
@@TRAX:state "156.9100,218.7700,48.5500,129.4700" 
@@TRAX:frame "file:///home/vot-workspace/sequences/basketball/color/00000424.jpg" 
QFontDatabase: Cannot find font directory /usr/local/lib/python3.9/site-packages/cv2/qt/fonts.
Note that Qt no longer ships fonts. Deploy some (from https://dejavu-fonts.github.io/ for example) or switch to fontconfig.
QFontDatabase: Cannot find font directory /usr/local/lib/python3.9/site-packages/cv2/qt/fonts.
Note that Qt no longer ships fonts. Deploy some (from https://dejavu-fonts.github.io/ for example) or switch to fontconfig.
QFontDatabase: Cannot find font directory /usr/local/lib/python3.9/site-packages/cv2/qt/fonts.
Note that Qt no longer ships fonts. Deploy some (from https://dejavu-fonts.github.io/ for example) or switch to fontconfig.
QFontDatabase: Cannot find font directory /usr/local/lib/python3.9/site-packages/cv2/qt/fonts.
Note that Qt no longer ships fonts. Deploy some (from https://dejavu-fonts.github.io/ for example) or switch to fontconfig.
QFontDatabase: Cannot find font directory /usr/local/lib/python3.9/site-packages/cv2/qt/fonts.
Note that Qt no longer ships fonts. Deploy some (from https://dejavu-fonts.github.io/ for example) or switch to fontconfig.
@@TRAX:state "156.0000,218.0000,48.5500,129.4700" "confidence=0.9906722214072943" 
@@TRAX:frame "file:///home/vot-workspace/sequences/basketball/color/00000425.jpg" 
@@TRAX:state "157.0000,218.0000,48.5500,129.4700" "confidence=0.9780621379613876" 
@@TRAX:frame "file:///home/vot-workspace/sequences/basketball/color/00000426.jpg" 
@@TRAX:state "157.0000,218.0000,48.5500,129.4700" "confidence=0.9677019864320755" 
@@TRAX:frame "file:///home/vot-workspace/sequences/basketball/color/00000427.jpg" 
@@TRAX:state "158.0000,218.0000,48.5500,129.4700" "confidence=0.9587694816291332" 
@@TRAX:frame "file:///home/vot-workspace/sequences/basketball/color/00000428.jpg" 
@@TRAX:state "159.0000,218.0000,48.5500,129.4700" "confidence=0.9488245621323586" 
@@TRAX:frame "file:///home/vot-workspace/sequences/basketball/color/00000429.jpg" 
@@TRAX:state "160.0000,219.0000,48.5500,129.4700" "confidence=0.936119981110096" 
@@TRAX:frame "file:///home/vot-workspace/sequences/basketball/color/00000430.jpg" 
@@TRAX:state "161.0000,219.0000,48.5500,129.4700" "confidence=0.9232610389590263" 
@@TRAX:frame "file:///home/vot-workspace/sequences/basketball/color/00000431.jpg" 
@@TRAX:state "163.0000,219.0000,48.5500,129.4700" "confidence=0.9091820865869522" 
@@TRAX:frame "file:///home/vot-workspace/sequences/basketball/color/00000432.jpg" 
@@TRAX:state "164.0000,219.0000,48.5500,129.4700" "confidence=0.8990152254700661" 
@@TRAX:frame "file:///home/vot-workspace/sequences/basketball/color/00000433.jpg" 
@@TRAX:state "165.0000,219.0000,48.5500,129.4700" "confidence=0.8798555284738541" 
@@TRAX:frame "file:///home/vot-workspace/sequences/basketball/color/00000434.jpg" 
@@TRAX:state "167.0000,220.0000,48.5500,129.4700" "confidence=0.8610669374465942" 
@@TRAX:frame "file:///home/vot-workspace/sequences/basketball/color/00000435.jpg" 
@@TRAX:state "168.0000,220.0000,48.5500,129.4700" "confidence=0.8393478095531464" 
@@TRAX:frame "file:///home/vot-workspace/sequences/basketball/color/00000436.jpg" 
@@TRAX:state "170.0000,220.0000,48.5500,129.4700" "confidence=0.82319076359272" 
@@TRAX:frame "file:///home/vot-workspace/sequences/basketball/color/00000437.jpg" 
@@TRAX:state "172.0000,220.0000,48.5500,129.4700" "confidence=0.8004080504179001" 
@@TRAX:frame "file:///home/vot-workspace/sequences/basketball/color/00000438.jpg" 
@@TRAX:state "174.0000,221.0000,48.5500,129.4700" "confidence=0.7801051586866379" 
@@TRAX:frame "file:///home/vot-workspace/sequences/basketball/color/00000439.jpg" 
@@TRAX:state "179.0000,221.0000,48.5500,129.4700" "confidence=0.767052948474884" 
@@TRAX:frame "file:///home/vot-workspace/sequences/basketball/color/00000440.jpg" 
@@TRAX:state "182.0000,221.0000,48.5500,129.4700" "confidence=0.748429000377655" 
@@TRAX:frame "file:///home/vot-workspace/sequences/basketball/color/00000441.jpg" 
@@TRAX:state "167.0000,222.0000,48.5500,129.4700" "confidence=0.7438223958015442" 
@@TRAX:frame "file:///home/vot-workspace/sequences/basketball/color/00000442.jpg" 
@@TRAX:state "183.0000,221.0000,48.5500,129.4700" "confidence=0.7500468790531158" 
@@TRAX:frame "file:///home/vot-workspace/sequences/basketball/color/00000443.jpg" 
@@TRAX:state "185.0000,222.0000,48.5500,129.4700" "confidence=0.7528499811887741" 
@@TRAX:frame "file:///home/vot-workspace/sequences/basketball/color/00000444.jpg" 
@@TRAX:state "187.0000,222.0000,48.5500,129.4700" "confidence=0.7549261599779129" 
@@TRAX:frame "file:///home/vot-workspace/sequences/basketball/color/00000445.jpg" 
@@TRAX:state "188.0000,222.0000,48.5500,129.4700" "confidence=0.7493881285190582" 
@@TRAX:frame "file:///home/vot-workspace/sequences/basketball/color/00000446.jpg" 
@@TRAX:state "190.0000,222.0000,48.5500,129.4700" "confidence=0.7422077059745789" 
@@TRAX:frame "file:///home/vot-workspace/sequences/basketball/color/00000447.jpg" 
@@TRAX:state "192.0000,225.0000,48.5500,129.4700" "confidence=0.7352688014507294" 
@@TRAX:frame "file:///home/vot-workspace/sequences/basketball/color/00000448.jpg" 
@@TRAX:state "194.0000,225.0000,48.5500,129.4700" "confidence=0.7182347476482391" 
@@TRAX:frame "file:///home/vot-workspace/sequences/basketball/color/00000449.jpg" 
@@TRAX:state "194.0000,226.0000,48.5500,129.4700" "confidence=0.7152075469493866" 
@@TRAX:frame "file:///home/vot-workspace/sequences/basketball/color/00000450.jpg" 
@@TRAX:state "196.0000,226.0000,48.5500,129.4700" "confidence=0.7033894658088684" 
@@TRAX:frame "file:///home/vot-workspace/sequences/basketball/color/00000451.jpg" 
@@TRAX:state "200.0000,227.0000,48.5500,129.4700" "confidence=0.7058839797973633" 
@@TRAX:frame "file:///home/vot-workspace/sequences/basketball/color/00000452.jpg" 
@@TRAX:state "201.0000,227.0000,48.5500,129.4700" "confidence=0.7290111482143402" 
@@TRAX:frame "file:///home/vot-workspace/sequences/basketball/color/00000453.jpg" 
@@TRAX:state "204.0000,228.0000,48.5500,129.4700" "confidence=0.7422578036785126" 
@@TRAX:frame "file:///home/vot-workspace/sequences/basketball/color/00000454.jpg" 
@@TRAX:state "207.0000,229.0000,48.5500,129.4700" "confidence=0.729684054851532" 
@@TRAX:frame "file:///home/vot-workspace/sequences/basketball/color/00000455.jpg" 
@@TRAX:state "208.0000,230.0000,48.5500,129.4700" "confidence=0.696615993976593" 
@@TRAX:frame "file:///home/vot-workspace/sequences/basketball/color/00000456.jpg" 
@@TRAX:state "208.0000,231.0000,48.5500,129.4700" "confidence=0.7089517414569855" 
@@TRAX:frame "file:///home/vot-workspace/sequences/basketball/color/00000457.jpg" 
@@TRAX:state "213.0000,222.0000,48.5500,129.4700" "confidence=0.7105313539505005" 
@@TRAX:frame "file:///home/vot-workspace/sequences/basketball/color/00000458.jpg" 
@@TRAX:state "216.0000,224.0000,48.5500,129.4700" "confidence=0.7137317061424255" 
@@TRAX:frame "file:///home/vot-workspace/sequences/basketball/color/00000459.jpg" 
@@TRAX:state "223.0000,208.0000,48.5500,129.4700" "confidence=0.6981975734233856" 
@@TRAX:frame "file:///home/vot-workspace/sequences/basketball/color/00000460.jpg" 
@@TRAX:state "225.0000,226.0000,48.5500,129.4700" "confidence=0.6938794851303101" 
@@TRAX:frame "file:///home/vot-workspace/sequences/basketball/color/00000461.jpg" 
@@TRAX:state "213.0000,237.0000,48.5500,129.4700" "confidence=0.6931480169296265" 
@@TRAX:frame "file:///home/vot-workspace/sequences/basketball/color/00000462.jpg" 
@@TRAX:state "214.0000,237.0000,48.5500,129.4700" "confidence=0.6921841502189636" 
@@TRAX:frame "file:///home/vot-workspace/sequences/basketball/color/00000463.jpg" 
@@TRAX:state "216.0000,238.0000,48.5500,129.4700" "confidence=0.6886305212974548" 
@@TRAX:frame "file:///home/vot-workspace/sequences/basketball/color/00000464.jpg" 
@@TRAX:state "220.0000,238.0000,48.5500,129.4700" "confidence=0.6827090978622437" 
@@TRAX:frame "file:///home/vot-workspace/sequences/basketball/color/00000465.jpg" 
@@TRAX:state "194.0000,237.0000,48.5500,129.4700" "confidence=0.6815620362758636" 
@@TRAX:quit 
@@TRAX:hello "trax.name=" "trax.family=" "trax.image=path;" "trax.region=rectangle;" "trax.description=" "trax.version=3" "vot=python" "trax.channels=color;" 
@@TRAX:initialize "file:///home/vot-workspace/sequences/basketball/color/00000470.jpg" "278.7200,219.5700,53.5700,125.8000" 
@@TRAX:state "278.7200,219.5700,53.5700,125.8000" 
@@TRAX:frame "file:///home/vot-workspace/sequences/basketball/color/00000471.jpg" 
QFontDatabase: Cannot find font directory /usr/local/lib/python3.9/site-packages/cv2/qt/fonts.
Note that Qt no longer ships fonts. Deploy some (from https://dejavu-fonts.github.io/ for example) or switch to fontconfig.
QFontDatabase: Cannot find font directory /usr/local/lib/python3.9/site-packages/cv2/qt/fonts.
Note that Qt no longer ships fonts. Deploy some (from https://dejavu-fonts.github.io/ for example) or switch to fontconfig.
QFontDatabase: Cannot find font directory /usr/local/lib/python3.9/site-packages/cv2/qt/fonts.
Note that Qt no longer ships fonts. Deploy some (from https://dejavu-fonts.github.io/ for example) or switch to fontconfig.
QFontDatabase: Cannot find font directory /usr/local/lib/python3.9/site-packages/cv2/qt/fonts.
Note that Qt no longer ships fonts. Deploy some (from https://dejavu-fonts.github.io/ for example) or switch to fontconfig.
QFontDatabase: Cannot find font directory /usr/local/lib/python3.9/site-packages/cv2/qt/fonts.
Note that Qt no longer ships fonts. Deploy some (from https://dejavu-fonts.github.io/ for example) or switch to fontconfig.
@@TRAX:state "281.0000,218.0000,53.5700,125.8000" "confidence=0.8683720678091049" 
@@TRAX:frame "file:///home/vot-workspace/sequences/basketball/color/00000472.jpg" 
@@TRAX:state "291.0000,217.0000,53.5700,125.8000" "confidence=0.8412431478500366" 
@@TRAX:frame "file:///home/vot-workspace/sequences/basketball/color/00000473.jpg" 
@@TRAX:state "297.0000,217.0000,53.5700,125.8000" "confidence=0.7998827546834946" 
@@TRAX:frame "file:///home/vot-workspace/sequences/basketball/color/00000474.jpg" 
@@TRAX:state "305.0000,217.0000,53.5700,125.8000" "confidence=0.8022634387016296" 
@@TRAX:frame "file:///home/vot-workspace/sequences/basketball/color/00000475.jpg" 
@@TRAX:state "311.0000,218.0000,53.5700,125.8000" "confidence=0.813695639371872" 
@@TRAX:frame "file:///home/vot-workspace/sequences/basketball/color/00000476.jpg" 
@@TRAX:state "317.0000,220.0000,53.5700,125.8000" "confidence=0.7806333303451538" 
@@TRAX:frame "file:///home/vot-workspace/sequences/basketball/color/00000477.jpg" 
@@TRAX:state "341.0000,226.0000,53.5700,125.8000" "confidence=0.7525701969861984" 
@@TRAX:frame "file:///home/vot-workspace/sequences/basketball/color/00000478.jpg" 
@@TRAX:state "346.0000,226.0000,53.5700,125.8000" "confidence=0.7582581043243408" 
@@TRAX:frame "file:///home/vot-workspace/sequences/basketball/color/00000479.jpg" 
@@TRAX:state "347.0000,224.0000,53.5700,125.8000" "confidence=0.7232265770435333" 
@@TRAX:frame "file:///home/vot-workspace/sequences/basketball/color/00000480.jpg" 
@@TRAX:state "346.0000,221.0000,53.5700,125.8000" "confidence=0.7260790467262268" 
@@TRAX:frame "file:///home/vot-workspace/sequences/basketball/color/00000481.jpg" 
@@TRAX:state "371.0000,220.0000,53.5700,125.8000" "confidence=0.7381267249584198" 
@@TRAX:frame "file:///home/vot-workspace/sequences/basketball/color/00000482.jpg" 
@@TRAX:state "373.0000,220.0000,53.5700,125.8000" "confidence=0.7676775455474854" 
@@TRAX:frame "file:///home/vot-workspace/sequences/basketball/color/00000483.jpg" 
@@TRAX:state "373.0000,219.0000,53.5700,125.8000" "confidence=0.7678637206554413" 
@@TRAX:frame "file:///home/vot-workspace/sequences/basketball/color/00000484.jpg" 
@@TRAX:state "372.0000,219.0000,53.5700,125.8000" "confidence=0.7372133731842041" 
@@TRAX:frame "file:///home/vot-workspace/sequences/basketball/color/00000485.jpg" 
@@TRAX:state "394.0000,222.0000,53.5700,125.8000" "confidence=0.7164760828018188" 
@@TRAX:frame "file:///home/vot-workspace/sequences/basketball/color/00000486.jpg" 
@@TRAX:state "390.0000,223.0000,53.5700,125.8000" "confidence=0.7389805316925049" 
@@TRAX:frame "file:///home/vot-workspace/sequences/basketball/color/00000487.jpg" 
@@TRAX:state "399.0000,240.0000,53.5700,125.8000" "confidence=0.7371827661991119" 
@@TRAX:frame "file:///home/vot-workspace/sequences/basketball/color/00000488.jpg" 
@@TRAX:state "399.0000,241.0000,53.5700,125.8000" "confidence=0.7408777475357056" 
@@TRAX:frame "file:///home/vot-workspace/sequences/basketball/color/00000489.jpg" 
@@TRAX:state "399.0000,254.0000,53.5700,125.8000" "confidence=0.7497629523277283" 
@@TRAX:frame "file:///home/vot-workspace/sequences/basketball/color/00000490.jpg" 
@@TRAX:state "416.0000,279.0000,53.5700,125.8000" "confidence=0.7281972467899323" 
@@TRAX:frame "file:///home/vot-workspace/sequences/basketball/color/00000491.jpg" 
@@TRAX:state "418.0000,273.0000,53.5700,125.8000" "confidence=0.7410145699977875" 
@@TRAX:frame "file:///home/vot-workspace/sequences/basketball/color/00000492.jpg" 
@@TRAX:state "413.0000,275.0000,53.5700,125.8000" "confidence=0.7272336184978485" 
@@TRAX:frame "file:///home/vot-workspace/sequences/basketball/color/00000493.jpg" 
@@TRAX:state "411.0000,273.0000,53.5700,125.8000" "confidence=0.7312934696674347" 
@@TRAX:frame "file:///home/vot-workspace/sequences/basketball/color/00000494.jpg" 
@@TRAX:state "409.0000,270.0000,53.5700,125.8000" "confidence=0.726286917924881" 
@@TRAX:frame "file:///home/vot-workspace/sequences/basketball/color/00000495.jpg" 
@@TRAX:state "406.0000,270.0000,53.5700,125.8000" "confidence=0.7201849222183228" 
@@TRAX:frame "file:///home/vot-workspace/sequences/basketball/color/00000496.jpg" 
@@TRAX:state "402.0000,267.0000,53.5700,125.8000" "confidence=0.714361697435379" 
@@TRAX:frame "file:///home/vot-workspace/sequences/basketball/color/00000497.jpg" 
@@TRAX:state "398.0000,265.0000,53.5700,125.8000" "confidence=0.7106014788150787" 
@@TRAX:frame "file:///home/vot-workspace/sequences/basketball/color/00000498.jpg" 
@@TRAX:state "417.0000,255.0000,53.5700,125.8000" "confidence=0.7114997208118439" 
@@TRAX:frame "file:///home/vot-workspace/sequences/basketball/color/00000499.jpg" 
@@TRAX:state "414.0000,231.0000,53.5700,125.8000" "confidence=0.7199751734733582" 
@@TRAX:frame "file:///home/vot-workspace/sequences/basketball/color/00000500.jpg" 
@@TRAX:state "410.0000,230.0000,53.5700,125.8000" "confidence=0.7236288785934448" 
@@TRAX:frame "file:///home/vot-workspace/sequences/basketball/color/00000501.jpg" 
@@TRAX:state "405.0000,227.0000,53.5700,125.8000" "confidence=0.728405088186264" 
@@TRAX:frame "file:///home/vot-workspace/sequences/basketball/color/00000502.jpg" 
@@TRAX:state "401.0000,224.0000,53.5700,125.8000" "confidence=0.7347031235694885" 
@@TRAX:frame "file:///home/vot-workspace/sequences/basketball/color/00000503.jpg" 
@@TRAX:state "397.0000,222.0000,53.5700,125.8000" "confidence=0.7355989217758179" 
@@TRAX:frame "file:///home/vot-workspace/sequences/basketball/color/00000504.jpg" 
@@TRAX:state "393.0000,220.0000,53.5700,125.8000" "confidence=0.7328426539897919" 
@@TRAX:frame "file:///home/vot-workspace/sequences/basketball/color/00000505.jpg" 
@@TRAX:state "393.0000,216.0000,53.5700,125.8000" "confidence=0.7265283167362213" 
@@TRAX:frame "file:///home/vot-workspace/sequences/basketball/color/00000506.jpg" 
@@TRAX:state "390.0000,214.0000,53.5700,125.8000" "confidence=0.7286564707756042" 
@@TRAX:frame "file:///home/vot-workspace/sequences/basketball/color/00000507.jpg" 
@@TRAX:state "393.0000,201.0000,53.5700,125.8000" "confidence=0.7292796671390533" 
@@TRAX:frame "file:///home/vot-workspace/sequences/basketball/color/00000508.jpg" 
@@TRAX:state "389.0000,201.0000,53.5700,125.8000" "confidence=0.7321552634239197" 
@@TRAX:frame "file:///home/vot-workspace/sequences/basketball/color/00000509.jpg" 
@@TRAX:state "385.0000,200.0000,53.5700,125.8000" "confidence=0.7327491641044617" 
@@TRAX:frame "file:///home/vot-workspace/sequences/basketball/color/00000510.jpg" 
@@TRAX:state "381.0000,200.0000,53.5700,125.8000" "confidence=0.7379621267318726" 
@@TRAX:frame "file:///home/vot-workspace/sequences/basketball/color/00000511.jpg" 
@@TRAX:state "355.0000,179.0000,53.5700,125.8000" "confidence=0.7439345717430115" 
@@TRAX:frame "file:///home/vot-workspace/sequences/basketball/color/00000512.jpg" 
@@TRAX:state "353.0000,178.0000,53.5700,125.8000" "confidence=0.7516698837280273" 
@@TRAX:frame "file:///home/vot-workspace/sequences/basketball/color/00000513.jpg" 
@@TRAX:state "352.0000,179.0000,53.5700,125.8000" "confidence=0.7609304785728455" 
@@TRAX:frame "file:///home/vot-workspace/sequences/basketball/color/00000514.jpg" 
@@TRAX:state "350.0000,178.0000,53.5700,125.8000" "confidence=0.7674154937267303" 
@@TRAX:frame "file:///home/vot-workspace/sequences/basketball/color/00000515.jpg" 
@@TRAX:state "348.0000,178.0000,53.5700,125.8000" "confidence=0.7695838063955307" 
@@TRAX:frame "file:///home/vot-workspace/sequences/basketball/color/00000516.jpg" 
@@TRAX:state "347.0000,177.0000,53.5700,125.8000" "confidence=0.7704425156116486" 
@@TRAX:frame "file:///home/vot-workspace/sequences/basketball/color/00000517.jpg" 
@@TRAX:state "346.0000,177.0000,53.5700,125.8000" "confidence=0.7737680375576019" 
@@TRAX:frame "file:///home/vot-workspace/sequences/basketball/color/00000518.jpg" 
@@TRAX:state "345.0000,175.0000,53.5700,125.8000" "confidence=0.779143363237381" 
@@TRAX:frame "file:///home/vot-workspace/sequences/basketball/color/00000519.jpg" 
@@TRAX:state "343.0000,173.0000,53.5700,125.8000" "confidence=0.7839541435241699" 
@@TRAX:frame "file:///home/vot-workspace/sequences/basketball/color/00000520.jpg" 
@@TRAX:state "341.0000,172.0000,53.5700,125.8000" "confidence=0.7878733277320862" 
@@TRAX:frame "file:///home/vot-workspace/sequences/basketball/color/00000521.jpg" 
@@TRAX:state "340.0000,171.0000,53.5700,125.8000" "confidence=0.7944389879703522" 
@@TRAX:frame "file:///home/vot-workspace/sequences/basketball/color/00000522.jpg" 
@@TRAX:state "340.0000,170.0000,53.5700,125.8000" "confidence=0.7871356904506683" 
@@TRAX:frame "file:///home/vot-workspace/sequences/basketball/color/00000523.jpg" 
@@TRAX:state "340.0000,169.0000,53.5700,125.8000" "confidence=0.7749949991703033" 
@@TRAX:frame "file:///home/vot-workspace/sequences/basketball/color/00000524.jpg" 
@@TRAX:state "340.0000,169.0000,53.5700,125.8000" "confidence=0.7772269248962402" 
@@TRAX:frame "file:///home/vot-workspace/sequences/basketball/color/00000525.jpg" 
@@TRAX:state "340.0000,169.0000,53.5700,125.8000" "confidence=0.7809048742055893" 
@@TRAX:frame "file:///home/vot-workspace/sequences/basketball/color/00000526.jpg" 
@@TRAX:state "340.0000,170.0000,53.5700,125.8000" "confidence=0.7763102948665619" 
@@TRAX:frame "file:///home/vot-workspace/sequences/basketball/color/00000527.jpg" 
@@TRAX:state "338.0000,169.0000,53.5700,125.8000" "confidence=0.7736367881298065" 
@@TRAX:frame "file:///home/vot-workspace/sequences/basketball/color/00000528.jpg" 
@@TRAX:state "337.0000,170.0000,53.5700,125.8000" "confidence=0.7737205028533936" 
@@TRAX:frame "file:///home/vot-workspace/sequences/basketball/color/00000529.jpg" 
@@TRAX:state "337.0000,172.0000,53.5700,125.8000" "confidence=0.7674015760421753" 
@@TRAX:frame "file:///home/vot-workspace/sequences/basketball/color/00000530.jpg" 
@@TRAX:state "341.0000,173.0000,53.5700,125.8000" "confidence=0.7687768787145615" 
@@TRAX:frame "file:///home/vot-workspace/sequences/basketball/color/00000531.jpg" 
@@TRAX:state "340.0000,173.0000,53.5700,125.8000" "confidence=0.765737995505333" 
@@TRAX:frame "file:///home/vot-workspace/sequences/basketball/color/00000532.jpg" 
@@TRAX:state "339.0000,172.0000,53.5700,125.8000" "confidence=0.763266384601593" 
@@TRAX:frame "file:///home/vot-workspace/sequences/basketball/color/00000533.jpg" 
@@TRAX:state "338.0000,171.0000,53.5700,125.8000" "confidence=0.7632345259189606" 
@@TRAX:frame "file:///home/vot-workspace/sequences/basketball/color/00000534.jpg" 
@@TRAX:state "337.0000,172.0000,53.5700,125.8000" "confidence=0.7647014707326889" 
@@TRAX:frame "file:///home/vot-workspace/sequences/basketball/color/00000535.jpg" 
@@TRAX:state "332.0000,197.0000,53.5700,125.8000" "confidence=0.7607130259275436" 
@@TRAX:frame "file:///home/vot-workspace/sequences/basketball/color/00000536.jpg" 
@@TRAX:state "328.0000,203.0000,53.5700,125.8000" "confidence=0.7620501965284348" 
@@TRAX:frame "file:///home/vot-workspace/sequences/basketball/color/00000537.jpg" 
@@TRAX:state "329.0000,195.0000,53.5700,125.8000" "confidence=0.7625338137149811" 
@@TRAX:frame "file:///home/vot-workspace/sequences/basketball/color/00000538.jpg" 
@@TRAX:state "325.0000,204.0000,53.5700,125.8000" "confidence=0.7628623992204666" 
@@TRAX:frame "file:///home/vot-workspace/sequences/basketball/color/00000539.jpg" 
@@TRAX:state "324.0000,204.0000,53.5700,125.8000" "confidence=0.7632387280464172" 
@@TRAX:frame "file:///home/vot-workspace/sequences/basketball/color/00000540.jpg" 
@@TRAX:state "326.0000,196.0000,53.5700,125.8000" "confidence=0.7674878537654877" 
@@TRAX:frame "file:///home/vot-workspace/sequences/basketball/color/00000541.jpg" 
@@TRAX:state "325.0000,196.0000,53.5700,125.8000" "confidence=0.7692679911851883" 
@@TRAX:frame "file:///home/vot-workspace/sequences/basketball/color/00000542.jpg" 
@@TRAX:state "324.0000,197.0000,53.5700,125.8000" "confidence=0.7720549255609512" 
@@TRAX:frame "file:///home/vot-workspace/sequences/basketball/color/00000543.jpg" 
@@TRAX:state "321.0000,202.0000,53.5700,125.8000" "confidence=0.7737169861793518" 
@@TRAX:frame "file:///home/vot-workspace/sequences/basketball/color/00000544.jpg" 
@@TRAX:state "320.0000,202.0000,53.5700,125.8000" "confidence=0.7758961915969849" 
@@TRAX:frame "file:///home/vot-workspace/sequences/basketball/color/00000545.jpg" 
@@TRAX:state "320.0000,202.0000,53.5700,125.8000" "confidence=0.7733299881219864" 
@@TRAX:frame "file:///home/vot-workspace/sequences/basketball/color/00000546.jpg" 
@@TRAX:state "333.0000,176.0000,53.5700,125.8000" "confidence=0.772868424654007" 
@@TRAX:frame "file:///home/vot-workspace/sequences/basketball/color/00000547.jpg" 
@@TRAX:state "332.0000,175.0000,53.5700,125.8000" "confidence=0.7734750658273697" 
@@TRAX:frame "file:///home/vot-workspace/sequences/basketball/color/00000548.jpg" 
@@TRAX:state "332.0000,175.0000,53.5700,125.8000" "confidence=0.7704053968191147" 
@@TRAX:frame "file:///home/vot-workspace/sequences/basketball/color/00000549.jpg" 
@@TRAX:state "317.0000,200.0000,53.5700,125.8000" "confidence=0.7717490792274475" 
@@TRAX:frame "file:///home/vot-workspace/sequences/basketball/color/00000550.jpg" 
@@TRAX:state "313.0000,209.0000,53.5700,125.8000" "confidence=0.77845598757267" 
@@TRAX:frame "file:///home/vot-workspace/sequences/basketball/color/00000551.jpg" 
@@TRAX:state "312.0000,209.0000,53.5700,125.8000" "confidence=0.7723287045955658" 
@@TRAX:frame "file:///home/vot-workspace/sequences/basketball/color/00000552.jpg" 
@@TRAX:state "311.0000,210.0000,53.5700,125.8000" "confidence=0.7693075388669968" 
@@TRAX:frame "file:///home/vot-workspace/sequences/basketball/color/00000553.jpg" 
@@TRAX:state "311.0000,211.0000,53.5700,125.8000" "confidence=0.7726992517709732" 
@@TRAX:frame "file:///home/vot-workspace/sequences/basketball/color/00000554.jpg" 
@@TRAX:state "312.0000,204.0000,53.5700,125.8000" "confidence=0.7748546153306961" 
@@TRAX:frame "file:///home/vot-workspace/sequences/basketball/color/00000555.jpg" 
@@TRAX:state "312.0000,202.0000,53.5700,125.8000" "confidence=0.7757401913404465" 
@@TRAX:frame "file:///home/vot-workspace/sequences/basketball/color/00000556.jpg" 
@@TRAX:state "311.0000,201.0000,53.5700,125.8000" "confidence=0.772272139787674" 
@@TRAX:frame "file:///home/vot-workspace/sequences/basketball/color/00000557.jpg" 
@@TRAX:state "312.0000,196.0000,53.5700,125.8000" "confidence=0.7642641663551331" 
@@TRAX:frame "file:///home/vot-workspace/sequences/basketball/color/00000558.jpg" 
@@TRAX:state "310.0000,197.0000,53.5700,125.8000" "confidence=0.7639416605234146" 
@@TRAX:frame "file:///home/vot-workspace/sequences/basketball/color/00000559.jpg" 
@@TRAX:state "309.0000,196.0000,53.5700,125.8000" "confidence=0.759795144200325" 
@@TRAX:frame "file:///home/vot-workspace/sequences/basketball/color/00000560.jpg" 
@@TRAX:state "308.0000,184.0000,53.5700,125.8000" "confidence=0.7659931778907776" 
@@TRAX:frame "file:///home/vot-workspace/sequences/basketball/color/00000561.jpg" 
@@TRAX:state "308.0000,183.0000,53.5700,125.8000" "confidence=0.7666054368019104" 
@@TRAX:frame "file:///home/vot-workspace/sequences/basketball/color/00000562.jpg" 
@@TRAX:state "307.0000,177.0000,53.5700,125.8000" "confidence=0.7629810124635696" 
@@TRAX:frame "file:///home/vot-workspace/sequences/basketball/color/00000563.jpg" 
@@TRAX:state "306.0000,177.0000,53.5700,125.8000" "confidence=0.7627469897270203" 
@@TRAX:frame "file:///home/vot-workspace/sequences/basketball/color/00000564.jpg" 
@@TRAX:state "306.0000,179.0000,53.5700,125.8000" "confidence=0.7547126710414886" 
@@TRAX:frame "file:///home/vot-workspace/sequences/basketball/color/00000565.jpg" 
@@TRAX:state "309.0000,182.0000,53.5700,125.8000" "confidence=0.7577013075351715" 
@@TRAX:frame "file:///home/vot-workspace/sequences/basketball/color/00000566.jpg" 
@@TRAX:state "308.0000,183.0000,53.5700,125.8000" "confidence=0.7617625445127487" 
@@TRAX:frame "file:///home/vot-workspace/sequences/basketball/color/00000567.jpg" 
@@TRAX:state "306.0000,183.0000,53.5700,125.8000" "confidence=0.758791521191597" 
@@TRAX:frame "file:///home/vot-workspace/sequences/basketball/color/00000568.jpg" 
@@TRAX:state "305.0000,185.0000,53.5700,125.8000" "confidence=0.7526890337467194" 
@@TRAX:frame "file:///home/vot-workspace/sequences/basketball/color/00000569.jpg" 
@@TRAX:state "305.0000,185.0000,53.5700,125.8000" "confidence=0.740576833486557" 
@@TRAX:frame "file:///home/vot-workspace/sequences/basketball/color/00000570.jpg" 
@@TRAX:state "306.0000,184.0000,53.5700,125.8000" "confidence=0.7425019145011902" 
@@TRAX:frame "file:///home/vot-workspace/sequences/basketball/color/00000571.jpg" 
@@TRAX:state "310.0000,178.0000,53.5700,125.8000" "confidence=0.7350251376628876" 
@@TRAX:frame "file:///home/vot-workspace/sequences/basketball/color/00000572.jpg" 
@@TRAX:state "285.0000,169.0000,53.5700,125.8000" "confidence=0.7429736852645874" 
@@TRAX:frame "file:///home/vot-workspace/sequences/basketball/color/00000573.jpg" 
@@TRAX:state "284.0000,168.0000,53.5700,125.8000" "confidence=0.7421638667583466" 
@@TRAX:frame "file:///home/vot-workspace/sequences/basketball/color/00000574.jpg" 
@@TRAX:state "308.0000,182.0000,53.5700,125.8000" "confidence=0.7389664053916931" 
@@TRAX:frame "file:///home/vot-workspace/sequences/basketball/color/00000575.jpg" 
@@TRAX:state "309.0000,182.0000,53.5700,125.8000" "confidence=0.732338011264801" 
@@TRAX:frame "file:///home/vot-workspace/sequences/basketball/color/00000576.jpg" 
@@TRAX:state "284.0000,156.0000,53.5700,125.8000" "confidence=0.7308107614517212" 
@@TRAX:frame "file:///home/vot-workspace/sequences/basketball/color/00000577.jpg" 
@@TRAX:state "285.0000,155.0000,53.5700,125.8000" "confidence=0.7382233142852783" 
@@TRAX:frame "file:///home/vot-workspace/sequences/basketball/color/00000578.jpg" 
@@TRAX:state "287.0000,156.0000,53.5700,125.8000" "confidence=0.7428377866744995" 
@@TRAX:frame "file:///home/vot-workspace/sequences/basketball/color/00000579.jpg" 
@@TRAX:state "288.0000,156.0000,53.5700,125.8000" "confidence=0.7430469989776611" 
@@TRAX:frame "file:///home/vot-workspace/sequences/basketball/color/00000580.jpg" 
@@TRAX:state "289.0000,156.0000,53.5700,125.8000" "confidence=0.7395601868629456" 
@@TRAX:frame "file:///home/vot-workspace/sequences/basketball/color/00000581.jpg" 
@@TRAX:state "289.0000,159.0000,53.5700,125.8000" "confidence=0.7315654754638672" 
@@TRAX:frame "file:///home/vot-workspace/sequences/basketball/color/00000582.jpg" 
@@TRAX:state "285.0000,167.0000,53.5700,125.8000" "confidence=0.7316224873065948" 
@@TRAX:frame "file:///home/vot-workspace/sequences/basketball/color/00000583.jpg" 
@@TRAX:state "299.0000,141.0000,53.5700,125.8000" "confidence=0.7194938063621521" 
@@TRAX:frame "file:///home/vot-workspace/sequences/basketball/color/00000584.jpg" 
@@TRAX:state "300.0000,142.0000,53.5700,125.8000" "confidence=0.721724808216095" 
@@TRAX:frame "file:///home/vot-workspace/sequences/basketball/color/00000585.jpg" 
@@TRAX:state "300.0000,142.0000,53.5700,125.8000" "confidence=0.7175274193286896" 
@@TRAX:frame "file:///home/vot-workspace/sequences/basketball/color/00000586.jpg" 
@@TRAX:state "285.0000,167.0000,53.5700,125.8000" "confidence=0.7157479226589203" 
@@TRAX:frame "file:///home/vot-workspace/sequences/basketball/color/00000587.jpg" 
@@TRAX:state "284.0000,165.0000,53.5700,125.8000" "confidence=0.7246336340904236" 
@@TRAX:frame "file:///home/vot-workspace/sequences/basketball/color/00000588.jpg" 
@@TRAX:state "284.0000,161.0000,53.5700,125.8000" "confidence=0.7277276515960693" 
@@TRAX:frame "file:///home/vot-workspace/sequences/basketball/color/00000589.jpg" 
@@TRAX:state "285.0000,157.0000,53.5700,125.8000" "confidence=0.7281289994716644" 
@@TRAX:frame "file:///home/vot-workspace/sequences/basketball/color/00000590.jpg" 
@@TRAX:state "276.0000,167.0000,53.5700,125.8000" "confidence=0.7392098605632782" 
@@TRAX:frame "file:///home/vot-workspace/sequences/basketball/color/00000591.jpg" 
@@TRAX:state "277.0000,166.0000,53.5700,125.8000" "confidence=0.7424306273460388" 
@@TRAX:frame "file:///home/vot-workspace/sequences/basketball/color/00000592.jpg" 
@@TRAX:state "278.0000,163.0000,53.5700,125.8000" "confidence=0.7315719425678253" 
@@TRAX:frame "file:///home/vot-workspace/sequences/basketball/color/00000593.jpg" 
@@TRAX:state "297.0000,173.0000,53.5700,125.8000" "confidence=0.7193395793437958" 
@@TRAX:frame "file:///home/vot-workspace/sequences/basketball/color/00000594.jpg" 
@@TRAX:state "283.0000,147.0000,53.5700,125.8000" "confidence=0.7246620357036591" 
@@TRAX:frame "file:///home/vot-workspace/sequences/basketball/color/00000595.jpg" 
@@TRAX:state "297.0000,171.0000,53.5700,125.8000" "confidence=0.7231974899768829" 
@@TRAX:frame "file:///home/vot-workspace/sequences/basketball/color/00000596.jpg" 
@@TRAX:state "284.0000,146.0000,53.5700,125.8000" "confidence=0.721185952425003" 
@@TRAX:frame "file:///home/vot-workspace/sequences/basketball/color/00000597.jpg" 
@@TRAX:state "294.0000,171.0000,53.5700,125.8000" "confidence=0.7238303422927856" 
@@TRAX:frame "file:///home/vot-workspace/sequences/basketball/color/00000598.jpg" 
@@TRAX:state "292.0000,185.0000,53.5700,125.8000" "confidence=0.7326695621013641" 
@@TRAX:frame "file:///home/vot-workspace/sequences/basketball/color/00000599.jpg" 
@@TRAX:state "293.0000,180.0000,53.5700,125.8000" "confidence=0.7356278598308563" 
@@TRAX:frame "file:///home/vot-workspace/sequences/basketball/color/00000600.jpg" 
@@TRAX:state "285.0000,164.0000,53.5700,125.8000" "confidence=0.7475783824920654" 
@@TRAX:frame "file:///home/vot-workspace/sequences/basketball/color/00000601.jpg" 
@@TRAX:state "288.0000,160.0000,53.5700,125.8000" "confidence=0.7625789493322372" 
@@TRAX:frame "file:///home/vot-workspace/sequences/basketball/color/00000602.jpg" 
@@TRAX:state "291.0000,159.0000,53.5700,125.8000" "confidence=0.7730006128549576" 
@@TRAX:frame "file:///home/vot-workspace/sequences/basketball/color/00000603.jpg" 
@@TRAX:state "294.0000,158.0000,53.5700,125.8000" "confidence=0.771463081240654" 
@@TRAX:frame "file:///home/vot-workspace/sequences/basketball/color/00000604.jpg" 
@@TRAX:state "297.0000,161.0000,53.5700,125.8000" "confidence=0.7543813735246658" 
@@TRAX:frame "file:///home/vot-workspace/sequences/basketball/color/00000605.jpg" 
@@TRAX:state "300.0000,151.0000,53.5700,125.8000" "confidence=0.7351467311382294" 
@@TRAX:frame "file:///home/vot-workspace/sequences/basketball/color/00000606.jpg" 
@@TRAX:state "306.0000,137.0000,53.5700,125.8000" "confidence=0.7279854416847229" 
@@TRAX:frame "file:///home/vot-workspace/sequences/basketball/color/00000607.jpg" 
@@TRAX:state "308.0000,138.0000,53.5700,125.8000" "confidence=0.7273792028427124" 
@@TRAX:frame "file:///home/vot-workspace/sequences/basketball/color/00000608.jpg" 
@@TRAX:state "308.0000,144.0000,53.5700,125.8000" "confidence=0.7245424687862396" 
@@TRAX:frame "file:///home/vot-workspace/sequences/basketball/color/00000609.jpg" 
@@TRAX:state "310.0000,144.0000,53.5700,125.8000" "confidence=0.7226485908031464" 
@@TRAX:frame "file:///home/vot-workspace/sequences/basketball/color/00000610.jpg" 
@@TRAX:state "309.0000,156.0000,53.5700,125.8000" "confidence=0.7232075333595276" 
@@TRAX:frame "file:///home/vot-workspace/sequences/basketball/color/00000611.jpg" 
@@TRAX:state "311.0000,156.0000,53.5700,125.8000" "confidence=0.7234203517436981" 
@@TRAX:frame "file:///home/vot-workspace/sequences/basketball/color/00000612.jpg" 
@@TRAX:state "313.0000,156.0000,53.5700,125.8000" "confidence=0.726463794708252" 
@@TRAX:frame "file:///home/vot-workspace/sequences/basketball/color/00000613.jpg" 
@@TRAX:state "315.0000,157.0000,53.5700,125.8000" "confidence=0.7240927815437317" 
@@TRAX:frame "file:///home/vot-workspace/sequences/basketball/color/00000614.jpg" 
@@TRAX:state "326.0000,139.0000,53.5700,125.8000" "confidence=0.7227524518966675" 
@@TRAX:frame "file:///home/vot-workspace/sequences/basketball/color/00000615.jpg" 
@@TRAX:state "318.0000,159.0000,53.5700,125.8000" "confidence=0.7246361672878265" 
@@TRAX:frame "file:///home/vot-workspace/sequences/basketball/color/00000616.jpg" 
@@TRAX:state "319.0000,159.0000,53.5700,125.8000" "confidence=0.72445347905159" 
@@TRAX:frame "file:///home/vot-workspace/sequences/basketball/color/00000617.jpg" 
@@TRAX:state "320.0000,150.0000,53.5700,125.8000" "confidence=0.714573323726654" 
@@TRAX:frame "file:///home/vot-workspace/sequences/basketball/color/00000618.jpg" 
@@TRAX:state "330.0000,132.0000,53.5700,125.8000" "confidence=0.7188223004341125" 
@@TRAX:frame "file:///home/vot-workspace/sequences/basketball/color/00000619.jpg" 
@@TRAX:state "334.0000,127.0000,53.5700,125.8000" "confidence=0.7241732180118561" 
@@TRAX:frame "file:///home/vot-workspace/sequences/basketball/color/00000620.jpg" 
@@TRAX:state "332.0000,130.0000,53.5700,125.8000" "confidence=0.7297938466072083" 
@@TRAX:frame "file:///home/vot-workspace/sequences/basketball/color/00000621.jpg" 
@@TRAX:state "336.0000,130.0000,53.5700,125.8000" "confidence=0.7284875214099884" 
@@TRAX:frame "file:///home/vot-workspace/sequences/basketball/color/00000622.jpg" 
@@TRAX:state "337.0000,135.0000,53.5700,125.8000" "confidence=0.707375168800354" 
@@TRAX:frame "file:///home/vot-workspace/sequences/basketball/color/00000623.jpg" 
@@TRAX:state "321.0000,130.0000,53.5700,125.8000" "confidence=0.7362568080425262" 
@@TRAX:frame "file:///home/vot-workspace/sequences/basketball/color/00000624.jpg" 
@@TRAX:state "323.0000,127.0000,53.5700,125.8000" "confidence=0.7260480225086212" 
@@TRAX:frame "file:///home/vot-workspace/sequences/basketball/color/00000625.jpg" 
@@TRAX:state "322.0000,125.0000,53.5700,125.8000" "confidence=0.7364477217197418" 
@@TRAX:frame "file:///home/vot-workspace/sequences/basketball/color/00000626.jpg" 
@@TRAX:state "324.0000,123.0000,53.5700,125.8000" "confidence=0.7322849333286285" 
@@TRAX:frame "file:///home/vot-workspace/sequences/basketball/color/00000627.jpg" 
@@TRAX:state "330.0000,142.0000,53.5700,125.8000" "confidence=0.7430494129657745" 
@@TRAX:frame "file:///home/vot-workspace/sequences/basketball/color/00000628.jpg" 
@@TRAX:state "333.0000,133.0000,53.5700,125.8000" "confidence=0.7100222110748291" 
@@TRAX:frame "file:///home/vot-workspace/sequences/basketball/color/00000629.jpg" 
@@TRAX:state "324.0000,147.0000,53.5700,125.8000" "confidence=0.6977174580097198" 
@@TRAX:frame "file:///home/vot-workspace/sequences/basketball/color/00000630.jpg" 
@@TRAX:state "322.0000,144.0000,53.5700,125.8000" "confidence=0.7089232802391052" 
@@TRAX:frame "file:///home/vot-workspace/sequences/basketball/color/00000631.jpg" 
@@TRAX:state "318.0000,169.0000,53.5700,125.8000" "confidence=0.7141053676605225" 
@@TRAX:frame "file:///home/vot-workspace/sequences/basketball/color/00000632.jpg" 
@@TRAX:state "320.0000,175.0000,53.5700,125.8000" "confidence=0.711675614118576" 
@@TRAX:frame "file:///home/vot-workspace/sequences/basketball/color/00000633.jpg" 
@@TRAX:state "328.0000,200.0000,53.5700,125.8000" "confidence=0.720172256231308" 
@@TRAX:frame "file:///home/vot-workspace/sequences/basketball/color/00000634.jpg" 
@@TRAX:state "302.0000,221.0000,53.5700,125.8000" "confidence=0.740339070558548" 
@@TRAX:frame "file:///home/vot-workspace/sequences/basketball/color/00000635.jpg" 
@@TRAX:state "316.0000,207.0000,53.5700,125.8000" "confidence=0.7399830222129822" 
@@TRAX:frame "file:///home/vot-workspace/sequences/basketball/color/00000636.jpg" 
@@TRAX:state "313.0000,210.0000,53.5700,125.8000" "confidence=0.7588866353034973" 
@@TRAX:frame "file:///home/vot-workspace/sequences/basketball/color/00000637.jpg" 
@@TRAX:state "313.0000,215.0000,53.5700,125.8000" "confidence=0.7719522416591644" 
@@TRAX:frame "file:///home/vot-workspace/sequences/basketball/color/00000638.jpg" 
@@TRAX:state "316.0000,198.0000,53.5700,125.8000" "confidence=0.7712149173021317" 
@@TRAX:frame "file:///home/vot-workspace/sequences/basketball/color/00000639.jpg" 
@@TRAX:state "313.0000,221.0000,53.5700,125.8000" "confidence=0.7654998749494553" 
@@TRAX:frame "file:///home/vot-workspace/sequences/basketball/color/00000640.jpg" 
@@TRAX:state "314.0000,222.0000,53.5700,125.8000" "confidence=0.7625900059938431" 
@@TRAX:frame "file:///home/vot-workspace/sequences/basketball/color/00000641.jpg" 
@@TRAX:state "319.0000,214.0000,53.5700,125.8000" "confidence=0.7592015713453293" 
@@TRAX:frame "file:///home/vot-workspace/sequences/basketball/color/00000642.jpg" 
@@TRAX:state "322.0000,215.0000,53.5700,125.8000" "confidence=0.7587879300117493" 
@@TRAX:frame "file:///home/vot-workspace/sequences/basketball/color/00000643.jpg" 
@@TRAX:state "324.0000,216.0000,53.5700,125.8000" "confidence=0.7512963861227036" 
@@TRAX:frame "file:///home/vot-workspace/sequences/basketball/color/00000644.jpg" 
@@TRAX:state "323.0000,217.0000,53.5700,125.8000" "confidence=0.7469228804111481" 
@@TRAX:frame "file:///home/vot-workspace/sequences/basketball/color/00000645.jpg" 
@@TRAX:state "324.0000,218.0000,53.5700,125.8000" "confidence=0.746350884437561" 
@@TRAX:frame "file:///home/vot-workspace/sequences/basketball/color/00000646.jpg" 
@@TRAX:state "324.0000,219.0000,53.5700,125.8000" "confidence=0.7522614598274231" 
@@TRAX:frame "file:///home/vot-workspace/sequences/basketball/color/00000647.jpg" 
@@TRAX:state "324.0000,220.0000,53.5700,125.8000" "confidence=0.7557899057865143" 
@@TRAX:frame "file:///home/vot-workspace/sequences/basketball/color/00000648.jpg" 
@@TRAX:state "320.0000,215.0000,53.5700,125.8000" "confidence=0.775373637676239" 
@@TRAX:frame "file:///home/vot-workspace/sequences/basketball/color/00000649.jpg" 
@@TRAX:state "321.0000,218.0000,53.5700,125.8000" "confidence=0.80086749792099" 
@@TRAX:frame "file:///home/vot-workspace/sequences/basketball/color/00000650.jpg" 
@@TRAX:state "323.0000,220.0000,53.5700,125.8000" "confidence=0.6335308849811554" 
@@TRAX:frame "file:///home/vot-workspace/sequences/basketball/color/00000651.jpg" 
@@TRAX:state "324.0000,223.0000,53.5700,125.8000" "confidence=0.7698351442813873" 
@@TRAX:frame "file:///home/vot-workspace/sequences/basketball/color/00000652.jpg" 
@@TRAX:state "330.0000,205.0000,53.5700,125.8000" "confidence=0.7541548609733582" 
@@TRAX:frame "file:///home/vot-workspace/sequences/basketball/color/00000653.jpg" 
@@TRAX:state "332.0000,210.0000,53.5700,125.8000" "confidence=0.7680371701717377" 
@@TRAX:frame "file:///home/vot-workspace/sequences/basketball/color/00000654.jpg" 
@@TRAX:state "335.0000,212.0000,53.5700,125.8000" "confidence=0.7750460803508759" 
@@TRAX:frame "file:///home/vot-workspace/sequences/basketball/color/00000655.jpg" 
@@TRAX:state "338.0000,216.0000,53.5700,125.8000" "confidence=0.7758979797363281" 
@@TRAX:frame "file:///home/vot-workspace/sequences/basketball/color/00000656.jpg" 
@@TRAX:state "341.0000,220.0000,53.5700,125.8000" "confidence=0.7633030712604523" 
@@TRAX:frame "file:///home/vot-workspace/sequences/basketball/color/00000657.jpg" 
@@TRAX:state "347.0000,225.0000,53.5700,125.8000" "confidence=0.7504522651433945" 
@@TRAX:frame "file:///home/vot-workspace/sequences/basketball/color/00000658.jpg" 
@@TRAX:state "351.0000,228.0000,53.5700,125.8000" "confidence=0.7499426305294037" 
@@TRAX:frame "file:///home/vot-workspace/sequences/basketball/color/00000659.jpg" 
@@TRAX:state "355.0000,230.0000,53.5700,125.8000" "confidence=0.7463356256484985" 
@@TRAX:frame "file:///home/vot-workspace/sequences/basketball/color/00000660.jpg" 
@@TRAX:state "359.0000,234.0000,53.5700,125.8000" "confidence=0.7433507442474365" 
@@TRAX:frame "file:///home/vot-workspace/sequences/basketball/color/00000661.jpg" 
@@TRAX:state "358.0000,258.0000,53.5700,125.8000" "confidence=0.739279180765152" 
@@TRAX:frame "file:///home/vot-workspace/sequences/basketball/color/00000662.jpg" 
@@TRAX:state "367.0000,236.0000,53.5700,125.8000" "confidence=0.7461613416671753" 
@@TRAX:frame "file:///home/vot-workspace/sequences/basketball/color/00000663.jpg" 
@@TRAX:state "370.0000,244.0000,53.5700,125.8000" "confidence=0.7531884610652924" 
@@TRAX:frame "file:///home/vot-workspace/sequences/basketball/color/00000664.jpg" 
@@TRAX:state "371.0000,264.0000,53.5700,125.8000" "confidence=0.7612654268741608" 
@@TRAX:frame "file:///home/vot-workspace/sequences/basketball/color/00000665.jpg" 
@@TRAX:state "375.0000,266.0000,53.5700,125.8000" "confidence=0.7583653181791306" 
@@TRAX:quit 
@@TRAX:hello "trax.name=" "trax.family=" "trax.image=path;" "trax.region=rectangle;" "trax.description=" "trax.version=3" "vot=python" "trax.channels=color;" 
@@TRAX:initialize "file:///home/vot-workspace/sequences/basketball/color/00000670.jpg" "333.0000,215.3500,47.9500,88.7600" 
@@TRAX:state "333.0000,215.3500,47.9500,88.7600" 
@@TRAX:frame "file:///home/vot-workspace/sequences/basketball/color/00000671.jpg" 
QFontDatabase: Cannot find font directory /usr/local/lib/python3.9/site-packages/cv2/qt/fonts.
Note that Qt no longer ships fonts. Deploy some (from https://dejavu-fonts.github.io/ for example) or switch to fontconfig.
QFontDatabase: Cannot find font directory /usr/local/lib/python3.9/site-packages/cv2/qt/fonts.
Note that Qt no longer ships fonts. Deploy some (from https://dejavu-fonts.github.io/ for example) or switch to fontconfig.
QFontDatabase: Cannot find font directory /usr/local/lib/python3.9/site-packages/cv2/qt/fonts.
Note that Qt no longer ships fonts. Deploy some (from https://dejavu-fonts.github.io/ for example) or switch to fontconfig.
QFontDatabase: Cannot find font directory /usr/local/lib/python3.9/site-packages/cv2/qt/fonts.
Note that Qt no longer ships fonts. Deploy some (from https://dejavu-fonts.github.io/ for example) or switch to fontconfig.
QFontDatabase: Cannot find font directory /usr/local/lib/python3.9/site-packages/cv2/qt/fonts.
Note that Qt no longer ships fonts. Deploy some (from https://dejavu-fonts.github.io/ for example) or switch to fontconfig.
@@TRAX:state "333.0000,216.0000,47.9500,88.7600" "confidence=0.9887681715190411" 
@@TRAX:frame "file:///home/vot-workspace/sequences/basketball/color/00000672.jpg" 
@@TRAX:state "333.0000,217.0000,47.9500,88.7600" "confidence=0.9696436375379562" 
@@TRAX:frame "file:///home/vot-workspace/sequences/basketball/color/00000673.jpg" 
@@TRAX:state "333.0000,217.0000,47.9500,88.7600" "confidence=0.9517463371157646" 
@@TRAX:frame "file:///home/vot-workspace/sequences/basketball/color/00000674.jpg" 
@@TRAX:state "333.0000,217.0000,47.9500,88.7600" "confidence=0.9417498931288719" 
@@TRAX:frame "file:///home/vot-workspace/sequences/basketball/color/00000675.jpg" 
@@TRAX:state "334.0000,216.0000,47.9500,88.7600" "confidence=0.9172356352210045" 
@@TRAX:frame "file:///home/vot-workspace/sequences/basketball/color/00000676.jpg" 
@@TRAX:state "334.0000,216.0000,47.9500,88.7600" "confidence=0.8950992003083229" 
@@TRAX:frame "file:///home/vot-workspace/sequences/basketball/color/00000677.jpg" 
@@TRAX:state "334.0000,214.0000,47.9500,88.7600" "confidence=0.8680419772863388" 
@@TRAX:frame "file:///home/vot-workspace/sequences/basketball/color/00000678.jpg" 
@@TRAX:state "334.0000,214.0000,47.9500,88.7600" "confidence=0.6976128220558167" 
@@TRAX:frame "file:///home/vot-workspace/sequences/basketball/color/00000679.jpg" 
@@TRAX:state "334.0000,212.0000,47.9500,88.7600" "confidence=0.8205642700195312" 
@@TRAX:frame "file:///home/vot-workspace/sequences/basketball/color/00000680.jpg" 
@@TRAX:state "335.0000,211.0000,47.9500,88.7600" "confidence=0.8033601343631744" 
@@TRAX:frame "file:///home/vot-workspace/sequences/basketball/color/00000681.jpg" 
@@TRAX:state "336.0000,210.0000,47.9500,88.7600" "confidence=0.7762710154056549" 
@@TRAX:frame "file:///home/vot-workspace/sequences/basketball/color/00000682.jpg" 
@@TRAX:state "336.0000,210.0000,47.9500,88.7600" "confidence=0.7620977163314819" 
@@TRAX:frame "file:///home/vot-workspace/sequences/basketball/color/00000683.jpg" 
@@TRAX:state "335.0000,210.0000,47.9500,88.7600" "confidence=0.7655427306890488" 
@@TRAX:frame "file:///home/vot-workspace/sequences/basketball/color/00000684.jpg" 
@@TRAX:state "337.0000,216.0000,47.9500,88.7600" "confidence=0.7766627073287964" 
@@TRAX:frame "file:///home/vot-workspace/sequences/basketball/color/00000685.jpg" 
@@TRAX:state "337.0000,216.0000,47.9500,88.7600" "confidence=0.7776768356561661" 
@@TRAX:frame "file:///home/vot-workspace/sequences/basketball/color/00000686.jpg" 
@@TRAX:state "337.0000,216.0000,47.9500,88.7600" "confidence=0.7751687914133072" 
@@TRAX:frame "file:///home/vot-workspace/sequences/basketball/color/00000687.jpg" 
@@TRAX:state "337.0000,216.0000,47.9500,88.7600" "confidence=0.7717860788106918" 
@@TRAX:frame "file:///home/vot-workspace/sequences/basketball/color/00000688.jpg" 
@@TRAX:state "338.0000,238.0000,47.9500,88.7600" "confidence=0.7660551965236664" 
@@TRAX:frame "file:///home/vot-workspace/sequences/basketball/color/00000689.jpg" 
@@TRAX:state "338.0000,216.0000,47.9500,88.7600" "confidence=0.7684412151575089" 
@@TRAX:frame "file:///home/vot-workspace/sequences/basketball/color/00000690.jpg" 
@@TRAX:state "341.0000,216.0000,47.9500,88.7600" "confidence=0.7794074863195419" 
@@TRAX:frame "file:///home/vot-workspace/sequences/basketball/color/00000691.jpg" 
@@TRAX:state "341.0000,216.0000,47.9500,88.7600" "confidence=0.7873801440000534" 
@@TRAX:frame "file:///home/vot-workspace/sequences/basketball/color/00000692.jpg" 
@@TRAX:state "339.0000,216.0000,47.9500,88.7600" "confidence=0.7948576062917709" 
@@TRAX:frame "file:///home/vot-workspace/sequences/basketball/color/00000693.jpg" 
@@TRAX:state "337.0000,217.0000,47.9500,88.7600" "confidence=0.8038808256387711" 
@@TRAX:frame "file:///home/vot-workspace/sequences/basketball/color/00000694.jpg" 
@@TRAX:state "336.0000,216.0000,47.9500,88.7600" "confidence=0.8135180324316025" 
@@TRAX:frame "file:///home/vot-workspace/sequences/basketball/color/00000695.jpg" 
@@TRAX:state "335.0000,217.0000,47.9500,88.7600" "confidence=0.8197819739580154" 
@@TRAX:frame "file:///home/vot-workspace/sequences/basketball/color/00000696.jpg" 
@@TRAX:state "335.0000,217.0000,47.9500,88.7600" "confidence=0.8166806548833847" 
@@TRAX:frame "file:///home/vot-workspace/sequences/basketball/color/00000697.jpg" 
@@TRAX:state "335.0000,217.0000,47.9500,88.7600" "confidence=0.8128833174705505" 
@@TRAX:frame "file:///home/vot-workspace/sequences/basketball/color/00000698.jpg" 
@@TRAX:state "335.0000,217.0000,47.9500,88.7600" "confidence=0.8136101067066193" 
@@TRAX:frame "file:///home/vot-workspace/sequences/basketball/color/00000699.jpg" 
@@TRAX:state "334.0000,217.0000,47.9500,88.7600" "confidence=0.8097320944070816" 
@@TRAX:frame "file:///home/vot-workspace/sequences/basketball/color/00000700.jpg" 
@@TRAX:state "335.0000,219.0000,47.9500,88.7600" "confidence=0.6725943982601166" 
@@TRAX:frame "file:///home/vot-workspace/sequences/basketball/color/00000701.jpg" 
@@TRAX:state "334.0000,218.0000,47.9500,88.7600" "confidence=0.8033071756362915" 
@@TRAX:frame "file:///home/vot-workspace/sequences/basketball/color/00000702.jpg" 
@@TRAX:state "334.0000,218.0000,47.9500,88.7600" "confidence=0.8088099509477615" 
@@TRAX:frame "file:///home/vot-workspace/sequences/basketball/color/00000703.jpg" 
@@TRAX:state "333.0000,218.0000,47.9500,88.7600" "confidence=0.8156318068504333" 
@@TRAX:frame "file:///home/vot-workspace/sequences/basketball/color/00000704.jpg" 
@@TRAX:state "332.0000,219.0000,47.9500,88.7600" "confidence=0.8274027556180954" 
@@TRAX:frame "file:///home/vot-workspace/sequences/basketball/color/00000705.jpg" 
@@TRAX:state "331.0000,219.0000,47.9500,88.7600" "confidence=0.826351135969162" 
@@TRAX:frame "file:///home/vot-workspace/sequences/basketball/color/00000706.jpg" 
@@TRAX:state "331.0000,219.0000,47.9500,88.7600" "confidence=0.825385108590126" 
@@TRAX:frame "file:///home/vot-workspace/sequences/basketball/color/00000707.jpg" 
@@TRAX:state "330.0000,219.0000,47.9500,88.7600" "confidence=0.8186059445142746" 
@@TRAX:frame "file:///home/vot-workspace/sequences/basketball/color/00000708.jpg" 
@@TRAX:state "329.0000,219.0000,47.9500,88.7600" "confidence=0.7954568564891815" 
@@TRAX:frame "file:///home/vot-workspace/sequences/basketball/color/00000709.jpg" 
@@TRAX:state "328.0000,218.0000,47.9500,88.7600" "confidence=0.7479574680328369" 
@@TRAX:frame "file:///home/vot-workspace/sequences/basketball/color/00000710.jpg" 
@@TRAX:state "332.0000,221.0000,47.9500,88.7600" "confidence=0.7371061444282532" 
@@TRAX:frame "file:///home/vot-workspace/sequences/basketball/color/00000711.jpg" 
@@TRAX:state "332.0000,221.0000,47.9500,88.7600" "confidence=0.7484338283538818" 
@@TRAX:frame "file:///home/vot-workspace/sequences/basketball/color/00000712.jpg" 
@@TRAX:state "332.0000,221.0000,47.9500,88.7600" "confidence=0.7637728899717331" 
@@TRAX:frame "file:///home/vot-workspace/sequences/basketball/color/00000713.jpg" 
@@TRAX:state "333.0000,221.0000,47.9500,88.7600" "confidence=0.7697974145412445" 
@@TRAX:frame "file:///home/vot-workspace/sequences/basketball/color/00000714.jpg" 
@@TRAX:state "328.0000,221.0000,47.9500,88.7600" "confidence=0.7575035244226456" 
@@TRAX:frame "file:///home/vot-workspace/sequences/basketball/color/00000715.jpg" 
@@TRAX:state "325.0000,221.0000,47.9500,88.7600" "confidence=0.770522952079773" 
@@TRAX:frame "file:///home/vot-workspace/sequences/basketball/color/00000716.jpg" 
@@TRAX:state "325.0000,221.0000,47.9500,88.7600" "confidence=0.7748993188142776" 
@@TRAX:frame "file:///home/vot-workspace/sequences/basketball/color/00000717.jpg" 
@@TRAX:state "324.0000,221.0000,47.9500,88.7600" "confidence=0.7738679647445679" 
@@TRAX:frame "file:///home/vot-workspace/sequences/basketball/color/00000718.jpg" 
@@TRAX:state "322.0000,220.0000,47.9500,88.7600" "confidence=0.7819225788116455" 
@@TRAX:frame "file:///home/vot-workspace/sequences/basketball/color/00000719.jpg" 
@@TRAX:state "322.0000,220.0000,47.9500,88.7600" "confidence=0.7766806036233902" 
@@TRAX:frame "file:///home/vot-workspace/sequences/basketball/color/00000720.jpg" 
@@TRAX:state "321.0000,221.0000,47.9500,88.7600" "confidence=0.8033556491136551" 
@@TRAX:frame "file:///home/vot-workspace/sequences/basketball/color/00000721.jpg" 
@@TRAX:state "320.0000,221.0000,47.9500,88.7600" "confidence=0.7885355651378632" 
@@TRAX:frame "file:///home/vot-workspace/sequences/basketball/color/00000722.jpg" 
@@TRAX:state "318.0000,220.0000,47.9500,88.7600" "confidence=0.7788137644529343" 
@@TRAX:frame "file:///home/vot-workspace/sequences/basketball/color/00000723.jpg" 
@@TRAX:state "315.0000,219.0000,47.9500,88.7600" "confidence=0.7279770076274872" 
@@TRAX:frame "file:///home/vot-workspace/sequences/basketball/color/00000724.jpg" 
@@TRAX:state "295.0000,244.0000,47.9500,88.7600" "confidence=0.7148000299930573" 
@@TRAX:frame "file:///home/vot-workspace/sequences/basketball/color/00000725.jpg" 
@@TRAX:state "288.0000,250.0000,47.9500,88.7600" "confidence=0.7240346372127533" 
@@TRAX:quit 
@@TRAX:hello "trax.name=" "trax.family=" "trax.image=path;" "trax.region=rectangle;" "trax.description=" "trax.version=3" "vot=python" "trax.channels=color;" 
@@TRAX:initialize "file:///home/vot-workspace/sequences/basketball/color/00000001.jpg" "185.7200,208.7300,45.0100,110.9800" 
@@TRAX:state "185.7200,208.7300,45.0100,110.9800" 
@@TRAX:frame "file:///home/vot-workspace/sequences/basketball/color/00000002.jpg" 
QFontDatabase: Cannot find font directory /usr/local/lib/python3.9/site-packages/cv2/qt/fonts.
Note that Qt no longer ships fonts. Deploy some (from https://dejavu-fonts.github.io/ for example) or switch to fontconfig.
QFontDatabase: Cannot find font directory /usr/local/lib/python3.9/site-packages/cv2/qt/fonts.
Note that Qt no longer ships fonts. Deploy some (from https://dejavu-fonts.github.io/ for example) or switch to fontconfig.
QFontDatabase: Cannot find font directory /usr/local/lib/python3.9/site-packages/cv2/qt/fonts.
Note that Qt no longer ships fonts. Deploy some (from https://dejavu-fonts.github.io/ for example) or switch to fontconfig.
QFontDatabase: Cannot find font directory /usr/local/lib/python3.9/site-packages/cv2/qt/fonts.
Note that Qt no longer ships fonts. Deploy some (from https://dejavu-fonts.github.io/ for example) or switch to fontconfig.
QFontDatabase: Cannot find font directory /usr/local/lib/python3.9/site-packages/cv2/qt/fonts.
Note that Qt no longer ships fonts. Deploy some (from https://dejavu-fonts.github.io/ for example) or switch to fontconfig.
@@TRAX:state "183.0000,208.0000,45.0100,110.9800" "confidence=0.9581806659698486" 
@@TRAX:frame "file:///home/vot-workspace/sequences/basketball/color/00000003.jpg" 
@@TRAX:state "182.0000,208.0000,45.0100,110.9800" "confidence=0.8841653093695641" 
@@TRAX:frame "file:///home/vot-workspace/sequences/basketball/color/00000004.jpg" 
@@TRAX:state "180.0000,208.0000,45.0100,110.9800" "confidence=0.8157371133565903" 
@@TRAX:frame "file:///home/vot-workspace/sequences/basketball/color/00000005.jpg" 
@@TRAX:state "177.0000,207.0000,45.0100,110.9800" "confidence=0.7729307264089584" 
@@TRAX:frame "file:///home/vot-workspace/sequences/basketball/color/00000006.jpg" 
@@TRAX:state "173.0000,206.0000,45.0100,110.9800" "confidence=0.7557500004768372" 
@@TRAX:frame "file:///home/vot-workspace/sequences/basketball/color/00000007.jpg" 
@@TRAX:state "184.0000,206.0000,45.0100,110.9800" "confidence=0.7255847156047821" 
@@TRAX:frame "file:///home/vot-workspace/sequences/basketball/color/00000008.jpg" 
@@TRAX:state "162.0000,212.0000,45.0100,110.9800" "confidence=0.7239396572113037" 
@@TRAX:frame "file:///home/vot-workspace/sequences/basketball/color/00000009.jpg" 
@@TRAX:state "162.0000,218.0000,45.0100,110.9800" "confidence=0.7078351974487305" 
@@TRAX:frame "file:///home/vot-workspace/sequences/basketball/color/00000010.jpg" 
@@TRAX:state "164.0000,222.0000,45.0100,110.9800" "confidence=0.7109050452709198" 
@@TRAX:frame "file:///home/vot-workspace/sequences/basketball/color/00000011.jpg" 
@@TRAX:state "174.0000,225.0000,45.0100,110.9800" "confidence=0.7182143032550812" 
@@TRAX:frame "file:///home/vot-workspace/sequences/basketball/color/00000012.jpg" 
@@TRAX:state "178.0000,225.0000,45.0100,110.9800" "confidence=0.7339256405830383" 
@@TRAX:frame "file:///home/vot-workspace/sequences/basketball/color/00000013.jpg" 
@@TRAX:state "181.0000,224.0000,45.0100,110.9800" "confidence=0.7394762635231018" 
@@TRAX:frame "file:///home/vot-workspace/sequences/basketball/color/00000014.jpg" 
@@TRAX:state "193.0000,199.0000,45.0100,110.9800" "confidence=0.7369997501373291" 
@@TRAX:frame "file:///home/vot-workspace/sequences/basketball/color/00000015.jpg" 
@@TRAX:state "196.0000,199.0000,45.0100,110.9800" "confidence=0.7228877246379852" 
@@TRAX:frame "file:///home/vot-workspace/sequences/basketball/color/00000016.jpg" 
@@TRAX:state "207.0000,197.0000,45.0100,110.9800" "confidence=0.7358831763267517" 
@@TRAX:frame "file:///home/vot-workspace/sequences/basketball/color/00000017.jpg" 
@@TRAX:state "207.0000,197.0000,45.0100,110.9800" "confidence=0.740172803401947" 
@@TRAX:frame "file:///home/vot-workspace/sequences/basketball/color/00000018.jpg" 
@@TRAX:state "194.0000,197.0000,45.0100,110.9800" "confidence=0.7415356338024139" 
@@TRAX:frame "file:///home/vot-workspace/sequences/basketball/color/00000019.jpg" 
@@TRAX:state "198.0000,196.0000,45.0100,110.9800" "confidence=0.7559164464473724" 
@@TRAX:frame "file:///home/vot-workspace/sequences/basketball/color/00000020.jpg" 
@@TRAX:state "196.0000,196.0000,45.0100,110.9800" "confidence=0.75387342274189" 
@@TRAX:frame "file:///home/vot-workspace/sequences/basketball/color/00000021.jpg" 
@@TRAX:state "199.0000,195.0000,45.0100,110.9800" "confidence=0.7695240676403046" 
@@TRAX:frame "file:///home/vot-workspace/sequences/basketball/color/00000022.jpg" 
@@TRAX:state "203.0000,193.0000,45.0100,110.9800" "confidence=0.7500234395265579" 
@@TRAX:frame "file:///home/vot-workspace/sequences/basketball/color/00000023.jpg" 
@@TRAX:state "191.0000,194.0000,45.0100,110.9800" "confidence=0.7385235726833344" 
@@TRAX:frame "file:///home/vot-workspace/sequences/basketball/color/00000024.jpg" 
@@TRAX:state "211.0000,192.0000,45.0100,110.9800" "confidence=0.7297665476799011" 
@@TRAX:frame "file:///home/vot-workspace/sequences/basketball/color/00000025.jpg" 
@@TRAX:state "199.0000,193.0000,45.0100,110.9800" "confidence=0.7037095427513123" 
@@TRAX:frame "file:///home/vot-workspace/sequences/basketball/color/00000026.jpg" 
@@TRAX:state "173.0000,194.0000,45.0100,110.9800" "confidence=0.7118114233016968" 
@@TRAX:frame "file:///home/vot-workspace/sequences/basketball/color/00000027.jpg" 
@@TRAX:state "167.0000,194.0000,45.0100,110.9800" "confidence=0.715097576379776" 
@@TRAX:quit 
@@TRAX:hello "trax.name=" "trax.family=" "trax.image=path;" "trax.region=rectangle;" "trax.description=" "trax.version=3" "vot=python" "trax.channels=color;" 
@@TRAX:initialize "file:///home/vot-workspace/sequences/basketball/color/00000032.jpg" "242.6200,226.6600,52.2900,93.8500" 
@@TRAX:state "242.6200,226.6600,52.2900,93.8500" 
@@TRAX:frame "file:///home/vot-workspace/sequences/basketball/color/00000033.jpg" 
QFontDatabase: Cannot find font directory /usr/local/lib/python3.9/site-packages/cv2/qt/fonts.
Note that Qt no longer ships fonts. Deploy some (from https://dejavu-fonts.github.io/ for example) or switch to fontconfig.
QFontDatabase: Cannot find font directory /usr/local/lib/python3.9/site-packages/cv2/qt/fonts.
Note that Qt no longer ships fonts. Deploy some (from https://dejavu-fonts.github.io/ for example) or switch to fontconfig.
QFontDatabase: Cannot find font directory /usr/local/lib/python3.9/site-packages/cv2/qt/fonts.
Note that Qt no longer ships fonts. Deploy some (from https://dejavu-fonts.github.io/ for example) or switch to fontconfig.
QFontDatabase: Cannot find font directory /usr/local/lib/python3.9/site-packages/cv2/qt/fonts.
Note that Qt no longer ships fonts. Deploy some (from https://dejavu-fonts.github.io/ for example) or switch to fontconfig.
QFontDatabase: Cannot find font directory /usr/local/lib/python3.9/site-packages/cv2/qt/fonts.
Note that Qt no longer ships fonts. Deploy some (from https://dejavu-fonts.github.io/ for example) or switch to fontconfig.
@@TRAX:state "246.0000,225.0000,52.2900,93.8500" "confidence=0.9762727953493595" 
@@TRAX:frame "file:///home/vot-workspace/sequences/basketball/color/00000034.jpg" 
@@TRAX:state "250.0000,224.0000,52.2900,93.8500" "confidence=0.9491997323930264" 
@@TRAX:frame "file:///home/vot-workspace/sequences/basketball/color/00000035.jpg" 
@@TRAX:state "254.0000,222.0000,52.2900,93.8500" "confidence=0.9297275692224503" 
@@TRAX:frame "file:///home/vot-workspace/sequences/basketball/color/00000036.jpg" 
@@TRAX:state "258.0000,222.0000,52.2900,93.8500" "confidence=0.9109854623675346" 
@@TRAX:frame "file:///home/vot-workspace/sequences/basketball/color/00000037.jpg" 
@@TRAX:state "262.0000,221.0000,52.2900,93.8500" "confidence=0.8989693969488144" 
@@TRAX:frame "file:///home/vot-workspace/sequences/basketball/color/00000038.jpg" 
@@TRAX:state "266.0000,221.0000,52.2900,93.8500" "confidence=0.8830499351024628" 
@@TRAX:frame "file:///home/vot-workspace/sequences/basketball/color/00000039.jpg" 
@@TRAX:state "269.0000,222.0000,52.2900,93.8500" "confidence=0.8679379224777222" 
@@TRAX:frame "file:///home/vot-workspace/sequences/basketball/color/00000040.jpg" 
@@TRAX:state "273.0000,223.0000,52.2900,93.8500" "confidence=0.8518784493207932" 
@@TRAX:frame "file:///home/vot-workspace/sequences/basketball/color/00000041.jpg" 
@@TRAX:state "278.0000,230.0000,52.2900,93.8500" "confidence=0.8378448635339737" 
@@TRAX:frame "file:///home/vot-workspace/sequences/basketball/color/00000042.jpg" 
@@TRAX:state "281.0000,233.0000,52.2900,93.8500" "confidence=0.8397341817617416" 
@@TRAX:frame "file:///home/vot-workspace/sequences/basketball/color/00000043.jpg" 
@@TRAX:state "283.0000,235.0000,52.2900,93.8500" "confidence=0.8309612572193146" 
@@TRAX:frame "file:///home/vot-workspace/sequences/basketball/color/00000044.jpg" 
@@TRAX:state "285.0000,231.0000,52.2900,93.8500" "confidence=0.815033808350563" 
@@TRAX:frame "file:///home/vot-workspace/sequences/basketball/color/00000045.jpg" 
@@TRAX:state "285.0000,229.0000,52.2900,93.8500" "confidence=0.8123197257518768" 
@@TRAX:frame "file:///home/vot-workspace/sequences/basketball/color/00000046.jpg" 
@@TRAX:state "284.0000,227.0000,52.2900,93.8500" "confidence=0.8175562918186188" 
@@TRAX:frame "file:///home/vot-workspace/sequences/basketball/color/00000047.jpg" 
@@TRAX:state "283.0000,225.0000,52.2900,93.8500" "confidence=0.8197383284568787" 
@@TRAX:frame "file:///home/vot-workspace/sequences/basketball/color/00000048.jpg" 
@@TRAX:state "282.0000,223.0000,52.2900,93.8500" "confidence=0.8178741037845612" 
@@TRAX:frame "file:///home/vot-workspace/sequences/basketball/color/00000049.jpg" 
@@TRAX:state "281.0000,223.0000,52.2900,93.8500" "confidence=0.8157426118850708" 
@@TRAX:frame "file:///home/vot-workspace/sequences/basketball/color/00000050.jpg" 
@@TRAX:state "280.0000,221.0000,52.2900,93.8500" "confidence=0.8073145002126694" 
@@TRAX:frame "file:///home/vot-workspace/sequences/basketball/color/00000051.jpg" 
@@TRAX:state "279.0000,220.0000,52.2900,93.8500" "confidence=0.800019308924675" 
@@TRAX:frame "file:///home/vot-workspace/sequences/basketball/color/00000052.jpg" 
@@TRAX:state "277.0000,221.0000,52.2900,93.8500" "confidence=0.7962021231651306" 
@@TRAX:frame "file:///home/vot-workspace/sequences/basketball/color/00000053.jpg" 
@@TRAX:state "276.0000,220.0000,52.2900,93.8500" "confidence=0.791277602314949" 
@@TRAX:frame "file:///home/vot-workspace/sequences/basketball/color/00000054.jpg" 
@@TRAX:state "274.0000,219.0000,52.2900,93.8500" "confidence=0.7938833832740784" 
@@TRAX:frame "file:///home/vot-workspace/sequences/basketball/color/00000055.jpg" 
@@TRAX:state "273.0000,219.0000,52.2900,93.8500" "confidence=0.7954031974077225" 
@@TRAX:frame "file:///home/vot-workspace/sequences/basketball/color/00000056.jpg" 
@@TRAX:state "272.0000,219.0000,52.2900,93.8500" "confidence=0.7937263697385788" 
@@TRAX:frame "file:///home/vot-workspace/sequences/basketball/color/00000057.jpg" 
@@TRAX:state "272.0000,215.0000,52.2900,93.8500" "confidence=0.7887308150529861" 
@@TRAX:frame "file:///home/vot-workspace/sequences/basketball/color/00000058.jpg" 
@@TRAX:state "273.0000,214.0000,52.2900,93.8500" "confidence=0.7874679416418076" 
@@TRAX:frame "file:///home/vot-workspace/sequences/basketball/color/00000059.jpg" 
@@TRAX:state "270.0000,223.0000,52.2900,93.8500" "confidence=0.7820651531219482" 
@@TRAX:frame "file:///home/vot-workspace/sequences/basketball/color/00000060.jpg" 
@@TRAX:state "268.0000,222.0000,52.2900,93.8500" "confidence=0.7910727709531784" 
@@TRAX:frame "file:///home/vot-workspace/sequences/basketball/color/00000061.jpg" 
@@TRAX:state "266.0000,223.0000,52.2900,93.8500" "confidence=0.7846605181694031" 
@@TRAX:frame "file:///home/vot-workspace/sequences/basketball/color/00000062.jpg" 
@@TRAX:state "261.0000,224.0000,52.2900,93.8500" "confidence=0.7782690674066544" 
@@TRAX:frame "file:///home/vot-workspace/sequences/basketball/color/00000063.jpg" 
@@TRAX:state "258.0000,224.0000,52.2900,93.8500" "confidence=0.7705450654029846" 
@@TRAX:frame "file:///home/vot-workspace/sequences/basketball/color/00000064.jpg" 
@@TRAX:state "253.0000,224.0000,52.2900,93.8500" "confidence=0.7657397538423538" 
@@TRAX:frame "file:///home/vot-workspace/sequences/basketball/color/00000065.jpg" 
@@TRAX:state "255.0000,225.0000,52.2900,93.8500" "confidence=0.7677789628505707" 
@@TRAX:frame "file:///home/vot-workspace/sequences/basketball/color/00000066.jpg" 
@@TRAX:state "249.0000,225.0000,52.2900,93.8500" "confidence=0.7812283933162689" 
@@TRAX:frame "file:///home/vot-workspace/sequences/basketball/color/00000067.jpg" 
@@TRAX:state "244.0000,225.0000,52.2900,93.8500" "confidence=0.7851590812206268" 
@@TRAX:frame "file:///home/vot-workspace/sequences/basketball/color/00000068.jpg" 
@@TRAX:state "225.0000,203.0000,52.2900,93.8500" "confidence=0.7697641253471375" 
@@TRAX:frame "file:///home/vot-workspace/sequences/basketball/color/00000069.jpg" 
@@TRAX:state "216.0000,202.0000,52.2900,93.8500" "confidence=0.7752128541469574" 
@@TRAX:frame "file:///home/vot-workspace/sequences/basketball/color/00000070.jpg" 
@@TRAX:state "209.0000,201.0000,52.2900,93.8500" "confidence=0.7742748856544495" 
@@TRAX:frame "file:///home/vot-workspace/sequences/basketball/color/00000071.jpg" 
@@TRAX:state "209.0000,202.0000,52.2900,93.8500" "confidence=0.7727010101079941" 
@@TRAX:frame "file:///home/vot-workspace/sequences/basketball/color/00000072.jpg" 
@@TRAX:state "203.0000,202.0000,52.2900,93.8500" "confidence=0.7685922235250473" 
@@TRAX:frame "file:///home/vot-workspace/sequences/basketball/color/00000073.jpg" 
@@TRAX:state "198.0000,202.0000,52.2900,93.8500" "confidence=0.7678698003292084" 
@@TRAX:frame "file:///home/vot-workspace/sequences/basketball/color/00000074.jpg" 
@@TRAX:state "203.0000,222.0000,52.2900,93.8500" "confidence=0.7692567855119705" 
@@TRAX:frame "file:///home/vot-workspace/sequences/basketball/color/00000075.jpg" 
@@TRAX:state "197.0000,222.0000,52.2900,93.8500" "confidence=0.7721420228481293" 
@@TRAX:frame "file:///home/vot-workspace/sequences/basketball/color/00000076.jpg" 
@@TRAX:state "177.0000,203.0000,52.2900,93.8500" "confidence=0.7724549621343613" 
@@TRAX:frame "file:///home/vot-workspace/sequences/basketball/color/00000077.jpg" 
@@TRAX:state "169.0000,203.0000,52.2900,93.8500" "confidence=0.7789846360683441" 
@@TRAX:frame "file:///home/vot-workspace/sequences/basketball/color/00000078.jpg" 
@@TRAX:state "163.0000,204.0000,52.2900,93.8500" "confidence=0.7849238216876984" 
@@TRAX:frame "file:///home/vot-workspace/sequences/basketball/color/00000079.jpg" 
@@TRAX:state "158.0000,206.0000,52.2900,93.8500" "confidence=0.7839839458465576" 
@@TRAX:frame "file:///home/vot-workspace/sequences/basketball/color/00000080.jpg" 
@@TRAX:state "152.0000,205.0000,52.2900,93.8500" "confidence=0.797634482383728" 
@@TRAX:frame "file:///home/vot-workspace/sequences/basketball/color/00000081.jpg" 
@@TRAX:state "147.0000,204.0000,52.2900,93.8500" "confidence=0.7897505015134811" 
@@TRAX:frame "file:///home/vot-workspace/sequences/basketball/color/00000082.jpg" 
@@TRAX:state "144.0000,205.0000,52.2900,93.8500" "confidence=0.7711306512355804" 
@@TRAX:frame "file:///home/vot-workspace/sequences/basketball/color/00000083.jpg" 
@@TRAX:state "140.0000,206.0000,52.2900,93.8500" "confidence=0.770050585269928" 
@@TRAX:frame "file:///home/vot-workspace/sequences/basketball/color/00000084.jpg" 
@@TRAX:state "137.0000,206.0000,52.2900,93.8500" "confidence=0.7658922523260117" 
@@TRAX:frame "file:///home/vot-workspace/sequences/basketball/color/00000085.jpg" 
@@TRAX:state "134.0000,209.0000,52.2900,93.8500" "confidence=0.7751408368349075" 
@@TRAX:frame "file:///home/vot-workspace/sequences/basketball/color/00000086.jpg" 
@@TRAX:state "130.0000,210.0000,52.2900,93.8500" "confidence=0.7811078578233719" 
@@TRAX:frame "file:///home/vot-workspace/sequences/basketball/color/00000087.jpg" 
@@TRAX:state "127.0000,211.0000,52.2900,93.8500" "confidence=0.7749729007482529" 
@@TRAX:frame "file:///home/vot-workspace/sequences/basketball/color/00000088.jpg" 
@@TRAX:state "120.0000,207.0000,52.2900,93.8500" "confidence=0.7587389200925827" 
@@TRAX:frame "file:///home/vot-workspace/sequences/basketball/color/00000089.jpg" 
@@TRAX:state "114.0000,208.0000,52.2900,93.8500" "confidence=0.7664856314659119" 
@@TRAX:frame "file:///home/vot-workspace/sequences/basketball/color/00000090.jpg" 
@@TRAX:state "108.0000,212.0000,52.2900,93.8500" "confidence=0.7675486356019974" 
@@TRAX:frame "file:///home/vot-workspace/sequences/basketball/color/00000091.jpg" 
@@TRAX:state "106.0000,215.0000,52.2900,93.8500" "confidence=0.7622684836387634" 
@@TRAX:frame "file:///home/vot-workspace/sequences/basketball/color/00000092.jpg" 
@@TRAX:state "109.0000,229.0000,52.2900,93.8500" "confidence=0.7774114459753036" 
@@TRAX:frame "file:///home/vot-workspace/sequences/basketball/color/00000093.jpg" 
@@TRAX:state "108.0000,216.0000,52.2900,93.8500" "confidence=0.7650026381015778" 
@@TRAX:frame "file:///home/vot-workspace/sequences/basketball/color/00000094.jpg" 
@@TRAX:state "109.0000,210.0000,52.2900,93.8500" "confidence=0.7761709690093994" 
@@TRAX:frame "file:///home/vot-workspace/sequences/basketball/color/00000095.jpg" 
@@TRAX:state "110.0000,207.0000,52.2900,93.8500" "confidence=0.7720680683851242" 
@@TRAX:frame "file:///home/vot-workspace/sequences/basketball/color/00000096.jpg" 
@@TRAX:state "106.0000,203.0000,52.2900,93.8500" "confidence=0.7687455415725708" 
@@TRAX:frame "file:///home/vot-workspace/sequences/basketball/color/00000097.jpg" 
@@TRAX:state "105.0000,203.0000,52.2900,93.8500" "confidence=0.7709245532751083" 
@@TRAX:frame "file:///home/vot-workspace/sequences/basketball/color/00000098.jpg" 
@@TRAX:state "104.0000,203.0000,52.2900,93.8500" "confidence=0.7577617913484573" 
@@TRAX:frame "file:///home/vot-workspace/sequences/basketball/color/00000099.jpg" 
@@TRAX:state "104.0000,219.0000,52.2900,93.8500" "confidence=0.7520671486854553" 
@@TRAX:frame "file:///home/vot-workspace/sequences/basketball/color/00000100.jpg" 
@@TRAX:state "104.0000,216.0000,52.2900,93.8500" "confidence=0.7576058059930801" 
@@TRAX:frame "file:///home/vot-workspace/sequences/basketball/color/00000101.jpg" 
@@TRAX:state "106.0000,208.0000,52.2900,93.8500" "confidence=0.7494918704032898" 
@@TRAX:frame "file:///home/vot-workspace/sequences/basketball/color/00000102.jpg" 
@@TRAX:state "107.0000,201.0000,52.2900,93.8500" "confidence=0.7414135336875916" 
@@TRAX:frame "file:///home/vot-workspace/sequences/basketball/color/00000103.jpg" 
@@TRAX:state "108.0000,198.0000,52.2900,93.8500" "confidence=0.7586446702480316" 
@@TRAX:frame "file:///home/vot-workspace/sequences/basketball/color/00000104.jpg" 
@@TRAX:state "109.0000,195.0000,52.2900,93.8500" "confidence=0.7539831101894379" 
@@TRAX:frame "file:///home/vot-workspace/sequences/basketball/color/00000105.jpg" 
@@TRAX:state "108.0000,190.0000,52.2900,93.8500" "confidence=0.7530105113983154" 
@@TRAX:frame "file:///home/vot-workspace/sequences/basketball/color/00000106.jpg" 
@@TRAX:state "111.0000,185.0000,52.2900,93.8500" "confidence=0.7638245970010757" 
@@TRAX:frame "file:///home/vot-workspace/sequences/basketball/color/00000107.jpg" 
@@TRAX:state "114.0000,189.0000,52.2900,93.8500" "confidence=0.7618494629859924" 
@@TRAX:frame "file:///home/vot-workspace/sequences/basketball/color/00000108.jpg" 
@@TRAX:state "117.0000,192.0000,52.2900,93.8500" "confidence=0.7651318907737732" 
@@TRAX:frame "file:///home/vot-workspace/sequences/basketball/color/00000109.jpg" 
@@TRAX:state "120.0000,192.0000,52.2900,93.8500" "confidence=0.7617710828781128" 
@@TRAX:frame "file:///home/vot-workspace/sequences/basketball/color/00000110.jpg" 
@@TRAX:state "119.0000,185.0000,52.2900,93.8500" "confidence=0.7689083367586136" 
@@TRAX:frame "file:///home/vot-workspace/sequences/basketball/color/00000111.jpg" 
@@TRAX:state "125.0000,194.0000,52.2900,93.8500" "confidence=0.7659013420343399" 
@@TRAX:frame "file:///home/vot-workspace/sequences/basketball/color/00000112.jpg" 
@@TRAX:state "128.0000,192.0000,52.2900,93.8500" "confidence=0.7770921140909195" 
@@TRAX:frame "file:///home/vot-workspace/sequences/basketball/color/00000113.jpg" 
@@TRAX:state "133.0000,199.0000,52.2900,93.8500" "confidence=0.8007968366146088" 
@@TRAX:frame "file:///home/vot-workspace/sequences/basketball/color/00000114.jpg" 
@@TRAX:state "136.0000,189.0000,52.2900,93.8500" "confidence=0.8146265596151352" 
@@TRAX:frame "file:///home/vot-workspace/sequences/basketball/color/00000115.jpg" 
@@TRAX:state "142.0000,183.0000,52.2900,93.8500" "confidence=0.8043435662984848" 
@@TRAX:frame "file:///home/vot-workspace/sequences/basketball/color/00000116.jpg" 
@@TRAX:state "147.0000,180.0000,52.2900,93.8500" "confidence=0.7980572283267975" 
@@TRAX:frame "file:///home/vot-workspace/sequences/basketball/color/00000117.jpg" 
@@TRAX:state "150.0000,178.0000,52.2900,93.8500" "confidence=0.7924458533525467" 
@@TRAX:frame "file:///home/vot-workspace/sequences/basketball/color/00000118.jpg" 
@@TRAX:state "152.0000,177.0000,52.2900,93.8500" "confidence=0.7985592186450958" 
@@TRAX:frame "file:///home/vot-workspace/sequences/basketball/color/00000119.jpg" 
@@TRAX:state "157.0000,181.0000,52.2900,93.8500" "confidence=0.7938123792409897" 
@@TRAX:frame "file:///home/vot-workspace/sequences/basketball/color/00000120.jpg" 
@@TRAX:state "159.0000,183.0000,52.2900,93.8500" "confidence=0.7943583726882935" 
@@TRAX:frame "file:///home/vot-workspace/sequences/basketball/color/00000121.jpg" 
@@TRAX:quit 
Process exited with code (0)
